2013,2,20,ACAD,Buy,100
2013,3,1,ACAD,Sell,100
2013,3,13,ACAD,Buy,100
2013,3,21,ACAD,Sell,100
2013,5,6,ACAD,Buy,100
2013,5,20,ACAD,Sell,100
2013,6,25,ACAD,Buy,100
2013,7,15,ACAD,Sell,100
2013,7,26,ACAD,Buy,100
2013,8,5,ACAD,Sell,100
2013,8,8,ACAD,Buy,100
2013,9,5,ACAD,Sell,100
2013,10,8,ACAD,Buy,100
2013,12,2,ACAD,Sell,100
2013,12,11,ACAD,Buy,100
2013,12,23,ACAD,Sell,100
2014,1,7,ACAD,Buy,100
2014,2,21,ACAD,Sell,100
2014,3,13,ACAD,Buy,100
2014,5,28,ACAD,Sell,100
2014,6,27,ACAD,Buy,100
2014,8,13,ACAD,Sell,100
2014,9,22,ACAD,Buy,100
2014,11,21,ACAD,Sell,100
2014,12,16,ACAD,Buy,100
2015,1,12,ACAD,Sell,100
2015,1,15,ACAD,Buy,100
2015,2,17,ACAD,Sell,100
2015,3,12,ACAD,Buy,100
2015,4,10,ACAD,Sell,100
2015,4,28,ACAD,Buy,100
2015,7,13,ACAD,Sell,100
2015,8,5,ACAD,Buy,100
2015,9,8,ACAD,Sell,100
2015,9,21,ACAD,Buy,100
2015,10,28,ACAD,Sell,100
2015,11,9,ACAD,Buy,100
2013,1,30,ACHN,Buy,100
2013,2,13,ACHN,Sell,100
2013,2,21,ACHN,Buy,100
2013,3,6,ACHN,Sell,100
2013,3,13,ACHN,Buy,100
2013,5,17,ACHN,Sell,100
2013,6,12,ACHN,Buy,100
2013,9,5,ACHN,Sell,100
2013,9,25,ACHN,Buy,100
2013,11,21,ACHN,Sell,100
2013,12,11,ACHN,Buy,100
2014,1,8,ACHN,Sell,100
2014,1,27,ACHN,Buy,100
2014,6,9,ACHN,Sell,100
2014,7,7,ACHN,Buy,100
2014,8,11,ACHN,Sell,100
2014,9,15,ACHN,Buy,100
2014,11,10,ACHN,Sell,100
2014,12,1,ACHN,Buy,100
2014,12,22,ACHN,Sell,100
2014,12,23,ACHN,Buy,100
2015,1,23,ACHN,Sell,100
2015,2,2,ACHN,Buy,100
2015,5,18,ACHN,Sell,100
2015,5,20,ACHN,Buy,100
2015,7,14,ACHN,Sell,100
2015,7,24,ACHN,Buy,100
2015,9,17,ACHN,Sell,100
2015,9,25,ACHN,Buy,100
2015,11,2,ACHN,Sell,100
2015,12,2,ACHN,Buy,100
2015,12,30,ACHN,Sell,100
2013,2,25,ACOR,Buy,100
2013,3,26,ACOR,Sell,100
2013,5,2,ACOR,Buy,100
2013,7,5,ACOR,Sell,100
2013,8,1,ACOR,Buy,100
2013,9,4,ACOR,Sell,100
2013,9,20,ACOR,Buy,100
2013,11,25,ACOR,Sell,100
2013,12,4,ACOR,Buy,100
2014,1,21,ACOR,Sell,100
2014,1,31,ACOR,Buy,100
2014,2,13,ACOR,Sell,100
2014,3,24,ACOR,Buy,100
2014,6,5,ACOR,Sell,100
2014,6,17,ACOR,Buy,100
2014,8,14,ACOR,Sell,100
2014,9,5,ACOR,Buy,100
2014,9,24,ACOR,Sell,100
2014,10,7,ACOR,Buy,100
2014,12,9,ACOR,Sell,100
2015,1,29,ACOR,Buy,100
2015,6,16,ACOR,Sell,100
2015,7,1,ACOR,Buy,100
2015,10,22,ACOR,Sell,100
2015,12,2,ACOR,Buy,100
2015,12,16,ACOR,Sell,100
2013,2,4,AEGR,Buy,100
2013,3,1,AEGR,Sell,100
2013,4,16,AEGR,Buy,100
2013,4,19,AEGR,Sell,100
2013,4,24,AEGR,Buy,100
2013,4,30,AEGR,Sell,100
2013,6,14,AEGR,Buy,100
2013,7,12,AEGR,Sell,100
2013,8,19,AEGR,Buy,100
2013,9,10,AEGR,Sell,100
2013,9,16,AEGR,Buy,100
2014,1,3,AEGR,Sell,100
2014,1,10,AEGR,Buy,100
2014,2,10,AEGR,Sell,100
2014,2,26,AEGR,Buy,100
2014,6,9,AEGR,Sell,100
2014,6,25,AEGR,Buy,100
2014,7,30,AEGR,Sell,100
2014,8,12,AEGR,Buy,100
2014,9,10,AEGR,Sell,100
2014,10,10,AEGR,Buy,100
2014,10,23,AEGR,Sell,100
2014,10,24,AEGR,Buy,100
2014,12,18,AEGR,Sell,100
2014,12,24,AEGR,Buy,100
2015,1,14,AEGR,Sell,100
2015,1,30,AEGR,Buy,100
2015,7,28,AEGR,Sell,100
2015,8,6,AEGR,Buy,100
2015,11,6,AEGR,Sell,100
2015,11,9,AEGR,Buy,100
2015,12,21,AEGR,Sell,100
2013,1,30,AFFX,Buy,100
2013,2,27,AFFX,Sell,100
2013,4,3,AFFX,Buy,100
2013,6,25,AFFX,Sell,100
2013,7,18,AFFX,Buy,100
2013,9,4,AFFX,Sell,100
2013,9,24,AFFX,Buy,100
2013,10,1,AFFX,Sell,100
2013,10,30,AFFX,Buy,100
2013,11,4,AFFX,Sell,100
2013,12,13,AFFX,Buy,100
2013,12,20,AFFX,Sell,100
2014,1,6,AFFX,Buy,100
2014,1,9,AFFX,Sell,100
2014,2,3,AFFX,Buy,100
2014,5,12,AFFX,Sell,100
2014,7,7,AFFX,Buy,100
2014,8,13,AFFX,Sell,100
2014,8,20,AFFX,Buy,100
2014,10,28,AFFX,Sell,100
2014,11,19,AFFX,Buy,100
2014,12,17,AFFX,Sell,100
2015,3,26,AFFX,Buy,100
2015,10,19,AFFX,Sell,100
2015,11,12,AFFX,Buy,100
2015,12,16,AFFX,Sell,100
2013,1,30,AKRX,Buy,100
2013,2,26,AKRX,Sell,100
2013,3,18,AKRX,Buy,100
2013,4,12,AKRX,Sell,100
2013,5,7,AKRX,Buy,100
2013,7,11,AKRX,Sell,100
2013,7,17,AKRX,Buy,100
2013,8,1,AKRX,Sell,100
2013,9,25,AKRX,Buy,100
2013,9,30,AKRX,Sell,100
2013,11,1,AKRX,Buy,100
2013,11,13,AKRX,Sell,100
2013,12,11,AKRX,Buy,100
2014,2,11,AKRX,Sell,100
2014,3,3,AKRX,Buy,100
2014,4,17,AKRX,Sell,100
2014,6,12,AKRX,Buy,100
2014,6,20,AKRX,Sell,100
2014,7,31,AKRX,Buy,100
2014,8,12,AKRX,Sell,100
2014,9,8,AKRX,Buy,100
2014,10,20,AKRX,Sell,100
2014,11,6,AKRX,Buy,100
2015,2,5,AKRX,Sell,100
2015,3,10,AKRX,Buy,100
2015,11,18,AKRX,Sell,100
2015,12,14,AKRX,Buy,100
2013,2,1,ALKS,Buy,100
2013,3,4,ALKS,Sell,100
2013,4,4,ALKS,Buy,100
2013,4,11,ALKS,Sell,100
2013,5,16,ALKS,Buy,100
2013,5,23,ALKS,Sell,100
2013,5,31,ALKS,Buy,100
2013,7,26,ALKS,Sell,100
2013,8,15,ALKS,Buy,100
2013,9,10,ALKS,Sell,100
2013,9,23,ALKS,Buy,100
2013,11,13,ALKS,Sell,100
2013,12,11,ALKS,Buy,100
2014,1,8,ALKS,Sell,100
2014,2,6,ALKS,Buy,100
2014,2,11,ALKS,Sell,100
2014,2,28,ALKS,Buy,100
2014,6,6,ALKS,Sell,100
2014,7,7,ALKS,Buy,100
2014,8,27,ALKS,Sell,100
2014,9,4,ALKS,Buy,100
2014,9,18,ALKS,Sell,100
2014,9,25,ALKS,Buy,100
2014,10,22,ALKS,Sell,100
2014,12,12,ALKS,Buy,100
2015,1,7,ALKS,Sell,100
2015,2,4,ALKS,Buy,100
2015,6,16,ALKS,Sell,100
2015,7,8,ALKS,Buy,100
2015,7,15,ALKS,Sell,100
2015,8,6,ALKS,Buy,100
2015,10,27,ALKS,Sell,100
2015,12,1,ALKS,Buy,100
2015,12,16,ALKS,Sell,100
2013,2,15,ALNY,Buy,100
2013,3,5,ALNY,Sell,100
2013,3,19,ALNY,Buy,100
2013,5,10,ALNY,Sell,100
2013,6,20,ALNY,Buy,100
2013,6,26,ALNY,Sell,100
2013,10,8,ALNY,Buy,100
2013,12,20,ALNY,Sell,100
2014,1,6,ALNY,Buy,100
2014,1,13,ALNY,Sell,100
2014,2,3,ALNY,Buy,100
2014,2,21,ALNY,Sell,100
2014,2,28,ALNY,Buy,100
2014,5,27,ALNY,Sell,100
2014,6,3,ALNY,Buy,100
2014,6,9,ALNY,Sell,100
2014,6,26,ALNY,Buy,100
2014,8,8,ALNY,Sell,100
2014,9,5,ALNY,Buy,100
2014,9,12,ALNY,Sell,100
2014,10,9,ALNY,Buy,100
2014,10,13,ALNY,Sell,100
2014,11,5,ALNY,Buy,100
2014,11,10,ALNY,Sell,100
2014,11,14,ALNY,Buy,100
2015,2,20,ALNY,Sell,100
2015,3,24,ALNY,Buy,100
2015,6,18,ALNY,Sell,100
2015,6,24,ALNY,Buy,100
2015,7,13,ALNY,Sell,100
2015,7,30,ALNY,Buy,100
2015,10,28,ALNY,Sell,100
2015,12,2,ALNY,Buy,100
2013,1,30,ALXN,Buy,100
2013,4,1,ALXN,Sell,100
2013,4,17,ALXN,Buy,100
2013,5,10,ALXN,Sell,100
2013,5,23,ALXN,Buy,100
2013,7,10,ALXN,Sell,100
2013,8,12,ALXN,Buy,100
2013,10,1,ALXN,Sell,100
2013,10,3,ALXN,Buy,100
2013,10,25,ALXN,Sell,100
2013,11,7,ALXN,Buy,100
2013,12,18,ALXN,Sell,100
2014,1,13,ALXN,Buy,100
2014,1,16,ALXN,Sell,100
2014,1,24,ALXN,Buy,100
2014,1,30,ALXN,Sell,100
2014,3,3,ALXN,Buy,100
2014,5,27,ALXN,Sell,100
2014,6,13,ALXN,Buy,100
2014,7,22,ALXN,Sell,100
2014,7,28,ALXN,Buy,100
2014,10,3,ALXN,Sell,100
2014,10,13,ALXN,Buy,100
2014,10,23,ALXN,Sell,100
2014,11,14,ALXN,Buy,100
2014,12,2,ALXN,Sell,100
2014,12,10,ALXN,Buy,100
2015,6,16,ALXN,Sell,100
2015,7,31,ALXN,Buy,100
2015,10,27,ALXN,Sell,100
2015,11,11,ALXN,Buy,100
2015,12,8,ALXN,Sell,100
2013,1,30,AMAG,Buy,100
2013,3,4,AMAG,Sell,100
2013,4,12,AMAG,Buy,100
2013,5,3,AMAG,Sell,100
2013,5,22,AMAG,Buy,100
2013,6,27,AMAG,Sell,100
2013,7,24,AMAG,Buy,100
2013,8,22,AMAG,Sell,100
2013,8,27,AMAG,Buy,100
2013,9,4,AMAG,Sell,100
2013,9,25,AMAG,Buy,100
2013,10,18,AMAG,Sell,100
2013,11,11,AMAG,Buy,100
2014,6,13,AMAG,Sell,100
2014,7,7,AMAG,Buy,100
2014,8,11,AMAG,Sell,100
2014,9,18,AMAG,Buy,100
2014,9,29,AMAG,Sell,100
2015,1,9,AMAG,Buy,100
2015,1,20,AMAG,Sell,100
2015,1,30,AMAG,Buy,100
2015,2,26,AMAG,Sell,100
2015,3,31,AMAG,Buy,100
2015,4,23,AMAG,Sell,100
2015,4,27,AMAG,Buy,100
2015,5,18,AMAG,Sell,100
2015,6,15,AMAG,Buy,100
2015,6,23,AMAG,Sell,100
2015,6,29,AMAG,Buy,100
2015,7,14,AMAG,Sell,100
2015,7,23,AMAG,Buy,100
2013,1,30,AMGN,Buy,100
2013,2,25,AMGN,Sell,100
2013,3,18,AMGN,Buy,100
2013,3,22,AMGN,Sell,100
2013,4,24,AMGN,Buy,100
2013,7,10,AMGN,Sell,100
2013,8,6,AMGN,Buy,100
2013,8,26,AMGN,Sell,100
2013,9,25,AMGN,Buy,100
2014,1,9,AMGN,Sell,100
2014,2,3,AMGN,Buy,100
2014,3,18,AMGN,Sell,100
2014,3,21,AMGN,Buy,100
2014,5,21,AMGN,Sell,100
2014,7,14,AMGN,Buy,100
2014,7,30,AMGN,Sell,100
2014,10,1,AMGN,Buy,100
2014,10,23,AMGN,Sell,100
2014,12,12,AMGN,Buy,100
2015,3,16,AMGN,Sell,100
2015,3,31,AMGN,Buy,100
2015,6,22,AMGN,Sell,100
2015,6,29,AMGN,Buy,100
2015,7,14,AMGN,Sell,100
2015,8,14,AMGN,Buy,100
2015,10,27,AMGN,Sell,100
2015,11,11,AMGN,Buy,100
2013,2,5,AMRI,Buy,100
2013,2,12,AMRI,Sell,100
2013,4,3,AMRI,Buy,100
2013,4,25,AMRI,Sell,100
2013,5,7,AMRI,Buy,100
2013,6,12,AMRI,Sell,100
2013,7,24,AMRI,Buy,100
2013,9,17,AMRI,Sell,100
2013,10,7,AMRI,Buy,100
2013,10,17,AMRI,Sell,100
2013,11,19,AMRI,Buy,100
2014,1,7,AMRI,Sell,100
2014,1,31,AMRI,Buy,100
2014,2,12,AMRI,Sell,100
2014,4,2,AMRI,Buy,100
2014,6,2,AMRI,Sell,100
2014,7,17,AMRI,Buy,100
2014,9,11,AMRI,Sell,100
2014,10,8,AMRI,Buy,100
2015,1,13,AMRI,Sell,100
2015,1,23,AMRI,Buy,100
2015,3,5,AMRI,Sell,100
2015,3,25,AMRI,Buy,100
2015,5,7,AMRI,Sell,100
2015,6,9,AMRI,Buy,100
2015,6,23,AMRI,Sell,100
2015,6,29,AMRI,Buy,100
2015,7,20,AMRI,Sell,100
2015,8,7,AMRI,Buy,100
2015,10,27,AMRI,Sell,100
2015,12,3,AMRI,Buy,100
2015,12,30,AMRI,Sell,100
2013,1,30,AMRN,Buy,100
2013,5,13,AMRN,Sell,100
2013,5,21,AMRN,Buy,100
2013,8,14,AMRN,Sell,100
2013,9,17,AMRN,Buy,100
2014,1,15,AMRN,Sell,100
2014,1,21,AMRN,Buy,100
2014,2,20,AMRN,Sell,100
2014,2,26,AMRN,Buy,100
2014,4,1,AMRN,Sell,100
2014,4,4,AMRN,Buy,100
2014,6,25,AMRN,Sell,100
2014,7,8,AMRN,Buy,100
2014,7,31,AMRN,Sell,100
2014,9,11,AMRN,Buy,100
2014,11,18,AMRN,Sell,100
2014,12,5,AMRN,Buy,100
2015,2,9,AMRN,Sell,100
2015,4,2,AMRN,Buy,100
2015,5,28,AMRN,Sell,100
2015,6,26,AMRN,Buy,100
2015,11,9,AMRN,Sell,100
2015,11,16,AMRN,Buy,100
2013,1,30,ANAC,Buy,100
2013,2,28,ANAC,Sell,100
2013,4,25,ANAC,Buy,100
2013,7,8,ANAC,Sell,100
2013,9,16,ANAC,Buy,100
2013,10,2,ANAC,Sell,100
2013,10,9,ANAC,Buy,100
2013,10,18,ANAC,Sell,100
2013,11,7,ANAC,Buy,100
2013,12,4,ANAC,Sell,100
2014,1,2,ANAC,Buy,100
2014,1,10,ANAC,Sell,100
2014,2,3,ANAC,Buy,100
2014,3,7,ANAC,Sell,100
2014,3,24,ANAC,Buy,100
2014,6,6,ANAC,Sell,100
2014,7,7,ANAC,Buy,100
2014,8,11,ANAC,Sell,100
2014,10,1,ANAC,Buy,100
2014,10,17,ANAC,Sell,100
2014,12,15,ANAC,Buy,100
2015,1,26,ANAC,Sell,100
2015,4,27,ANAC,Buy,100
2015,6,22,ANAC,Sell,100
2015,8,7,ANAC,Buy,100
2015,9,17,ANAC,Sell,100
2015,9,21,ANAC,Buy,100
2013,2,7,ANIP,Buy,100
2013,5,24,ANIP,Sell,100
2013,6,19,ANIP,Buy,100
2013,8,21,ANIP,Sell,100
2013,9,3,ANIP,Buy,100
2013,9,18,ANIP,Sell,100
2013,10,24,ANIP,Buy,100
2013,11,20,ANIP,Sell,100
2014,1,27,ANIP,Buy,100
2014,2,18,ANIP,Sell,100
2014,3,19,ANIP,Buy,100
2014,6,9,ANIP,Sell,100
2014,6,30,ANIP,Buy,100
2014,10,24,ANIP,Sell,100
2014,12,5,ANIP,Buy,100
2015,2,9,ANIP,Sell,100
2015,3,9,ANIP,Buy,100
2015,4,8,ANIP,Sell,100
2015,4,27,ANIP,Buy,100
2015,6,5,ANIP,Sell,100
2015,7,8,ANIP,Buy,100
2015,7,13,ANIP,Sell,100
2015,8,4,ANIP,Buy,100
2015,9,8,ANIP,Sell,100
2015,9,9,ANIP,Buy,100
2015,12,23,ANIP,Sell,100
2013,1,30,ANTH,Buy,100
2013,7,19,ANTH,Sell,100
2013,7,29,ANTH,Buy,100
2013,9,18,ANTH,Sell,100
2013,10,7,ANTH,Buy,100
2014,1,2,ANTH,Sell,100
2014,1,28,ANTH,Buy,100
2014,3,7,ANTH,Sell,100
2014,3,26,ANTH,Buy,100
2014,11,26,ANTH,Sell,100
2014,12,15,ANTH,Buy,100
2015,1,5,ANTH,Sell,100
2015,1,21,ANTH,Buy,100
2015,2,10,ANTH,Sell,100
2015,3,16,ANTH,Buy,100
2015,4,21,ANTH,Sell,100
2015,4,30,ANTH,Buy,100
2015,5,28,ANTH,Sell,100
2015,6,29,ANTH,Buy,100
2015,7,20,ANTH,Sell,100
2015,8,7,ANTH,Buy,100
2015,9,17,ANTH,Sell,100
2015,9,25,ANTH,Buy,100
2013,1,30,ARIA,Buy,100
2013,2,19,ARIA,Sell,100
2013,3,18,ARIA,Buy,100
2013,5,23,ARIA,Sell,100
2013,6,3,ARIA,Buy,100
2013,7,1,ARIA,Sell,100
2013,7,24,ARIA,Buy,100
2013,9,4,ARIA,Sell,100
2013,9,20,ARIA,Buy,100
2013,11,25,ARIA,Sell,100
2013,12,13,ARIA,Buy,100
2013,12,20,ARIA,Sell,100
2014,1,21,ARIA,Buy,100
2014,1,23,ARIA,Sell,100
2014,2,3,ARIA,Buy,100
2014,6,11,ARIA,Sell,100
2014,6,12,ARIA,Buy,100
2014,8,26,ARIA,Sell,100
2014,9,8,ARIA,Buy,100
2014,11,12,ARIA,Sell,100
2014,12,11,ARIA,Buy,100
2015,2,13,ARIA,Sell,100
2015,3,25,ARIA,Buy,100
2015,4,16,ARIA,Sell,100
2015,4,30,ARIA,Buy,100
2015,8,28,ARIA,Sell,100
2015,9,21,ARIA,Buy,100
2013,1,30,ARNA,Buy,100
2013,4,25,ARNA,Sell,100
2013,5,3,ARNA,Buy,100
2013,5,7,ARNA,Sell,100
2013,5,9,ARNA,Buy,100
2013,5,28,ARNA,Sell,100
2013,6,12,ARNA,Buy,100
2013,8,5,ARNA,Sell,100
2013,8,16,ARNA,Buy,100
2013,11,11,ARNA,Sell,100
2013,12,9,ARNA,Buy,100
2014,1,10,ARNA,Sell,100
2014,1,31,ARNA,Buy,100
2014,5,1,ARNA,Sell,100
2014,5,13,ARNA,Buy,100
2014,11,12,ARNA,Sell,100
2014,11,18,ARNA,Buy,100
2015,1,7,ARNA,Sell,100
2015,1,23,ARNA,Buy,100
2015,2,19,ARNA,Sell,100
2015,2,24,ARNA,Buy,100
2015,6,30,ARNA,Sell,100
2015,7,8,ARNA,Buy,100
2015,7,15,ARNA,Sell,100
2015,7,20,ARNA,Buy,100
2015,11,30,ARNA,Sell,100
2015,12,7,ARNA,Buy,100
2013,1,30,ARRY,Buy,100
2013,3,1,ARRY,Sell,100
2013,3,15,ARRY,Buy,100
2013,3,26,ARRY,Sell,100
2013,5,7,ARRY,Buy,100
2013,7,12,ARRY,Sell,100
2013,8,12,ARRY,Buy,100
2013,9,18,ARRY,Sell,100
2013,9,26,ARRY,Buy,100
2014,1,8,ARRY,Sell,100
2014,1,24,ARRY,Buy,100
2014,3,18,ARRY,Sell,100
2014,3,24,ARRY,Buy,100
2014,6,30,ARRY,Sell,100
2014,7,7,ARRY,Buy,100
2014,10,28,ARRY,Sell,100
2014,11,14,ARRY,Buy,100
2014,12,4,ARRY,Sell,100
2015,1,5,ARRY,Buy,100
2015,1,22,ARRY,Sell,100
2015,3,6,ARRY,Buy,100
2015,12,16,ARRY,Sell,100
2013,1,30,ARWR,Buy,100
2013,2,22,ARWR,Sell,100
2013,3,20,ARWR,Buy,100
2013,5,10,ARWR,Sell,100
2013,6,4,ARWR,Buy,100
2013,7,11,ARWR,Sell,100
2013,8,28,ARWR,Buy,100
2013,9,9,ARWR,Sell,100
2013,10,30,ARWR,Buy,100
2013,11,27,ARWR,Sell,100
2013,12,10,ARWR,Buy,100
2013,12,20,ARWR,Sell,100
2014,3,17,ARWR,Buy,100
2014,5,27,ARWR,Sell,100
2014,6,13,ARWR,Buy,100
2014,8,14,ARWR,Sell,100
2014,9,19,ARWR,Buy,100
2014,12,30,ARWR,Sell,100
2015,1,13,ARWR,Buy,100
2015,2,17,ARWR,Sell,100
2015,3,16,ARWR,Buy,100
2015,6,11,ARWR,Sell,100
2015,7,2,ARWR,Buy,100
2015,9,11,ARWR,Sell,100
2015,9,28,ARWR,Buy,100
2015,11,11,ARWR,Sell,100
2015,11,20,ARWR,Buy,100
2015,11,25,ARWR,Sell,100
2015,12,3,ARWR,Buy,100
2013,1,30,BCRX,Buy,100
2013,4,1,BCRX,Sell,100
2013,5,7,BCRX,Buy,100
2013,6,18,BCRX,Sell,100
2013,6,20,BCRX,Buy,100
2013,7,11,BCRX,Sell,100
2013,9,12,BCRX,Buy,100
2013,9,20,BCRX,Sell,100
2013,10,8,BCRX,Buy,100
2013,11,29,BCRX,Sell,100
2013,12,11,BCRX,Buy,100
2013,12,18,BCRX,Sell,100
2014,1,27,BCRX,Buy,100
2014,2,21,BCRX,Sell,100
2014,3,11,BCRX,Buy,100
2014,5,27,BCRX,Sell,100
2014,7,8,BCRX,Buy,100
2014,8,4,BCRX,Sell,100
2014,8,21,BCRX,Buy,100
2014,12,24,BCRX,Sell,100
2015,1,13,BCRX,Buy,100
2015,6,5,BCRX,Sell,100
2015,7,24,BCRX,Buy,100
2015,9,10,BCRX,Sell,100
2015,9,25,BCRX,Buy,100
2013,5,9,BIIB,Buy,100
2013,5,14,BIIB,Sell,100
2013,6,4,BIIB,Buy,100
2013,9,3,BIIB,Sell,100
2013,10,3,BIIB,Buy,100
2013,11,22,BIIB,Sell,100
2013,12,13,BIIB,Buy,100
2014,1,8,BIIB,Sell,100
2014,2,5,BIIB,Buy,100
2014,2,13,BIIB,Sell,100
2014,3,7,BIIB,Buy,100
2014,5,27,BIIB,Sell,100
2014,6,16,BIIB,Buy,100
2014,7,1,BIIB,Sell,100
2014,7,15,BIIB,Buy,100
2014,12,3,BIIB,Sell,100
2014,12,30,BIIB,Buy,100
2015,1,20,BIIB,Sell,100
2015,3,12,BIIB,Buy,100
2015,3,17,BIIB,Sell,100
2015,3,31,BIIB,Buy,100
2015,6,19,BIIB,Sell,100
2015,6,29,BIIB,Buy,100
2015,11,2,BIIB,Sell,100
2015,11,13,BIIB,Buy,100
2015,12,16,BIIB,Sell,100
2013,2,20,BMRN,Buy,100
2013,2,28,BMRN,Sell,100
2013,3,21,BMRN,Buy,100
2013,4,2,BMRN,Sell,100
2013,4,3,BMRN,Buy,100
2013,4,10,BMRN,Sell,100
2013,4,24,BMRN,Buy,100
2013,5,13,BMRN,Sell,100
2013,5,16,BMRN,Buy,100
2013,7,12,BMRN,Sell,100
2013,8,6,BMRN,Buy,100
2013,8,14,BMRN,Sell,100
2013,8,15,BMRN,Buy,100
2013,9,3,BMRN,Sell,100
2013,9,30,BMRN,Buy,100
2013,11,21,BMRN,Sell,100
2013,12,11,BMRN,Buy,100
2014,1,14,BMRN,Sell,100
2014,1,27,BMRN,Buy,100
2014,2,20,BMRN,Sell,100
2014,3,7,BMRN,Buy,100
2014,6,3,BMRN,Sell,100
2014,6,30,BMRN,Buy,100
2014,8,4,BMRN,Sell,100
2014,9,4,BMRN,Buy,100
2014,9,24,BMRN,Sell,100
2014,10,7,BMRN,Buy,100
2014,10,21,BMRN,Sell,100
2014,12,15,BMRN,Buy,100
2015,1,14,BMRN,Sell,100
2015,2,2,BMRN,Buy,100
2015,2,18,BMRN,Sell,100
2015,3,25,BMRN,Buy,100
2015,6,18,BMRN,Sell,100
2015,8,4,BMRN,Buy,100
2015,10,30,BMRN,Sell,100
2015,11,12,BMRN,Buy,100
2015,12,18,BMRN,Sell,100
2013,1,31,CBPO,Buy,100
2013,2,19,CBPO,Sell,100
2013,4,11,CBPO,Buy,100
2013,7,8,CBPO,Sell,100
2013,7,26,CBPO,Buy,100
2013,9,10,CBPO,Sell,100
2013,9,13,CBPO,Buy,100
2013,9,25,CBPO,Sell,100
2013,10,9,CBPO,Buy,100
2014,2,19,CBPO,Sell,100
2014,3,17,CBPO,Buy,100
2014,4,23,CBPO,Sell,100
2014,4,28,CBPO,Buy,100
2014,5,12,CBPO,Sell,100
2014,6,18,CBPO,Buy,100
2014,8,22,CBPO,Sell,100
2014,9,26,CBPO,Buy,100
2014,10,28,CBPO,Sell,100
2014,12,1,CBPO,Buy,100
2015,2,17,CBPO,Sell,100
2015,4,29,CBPO,Buy,100
2015,5,8,CBPO,Sell,100
2015,6,8,CBPO,Buy,100
2015,11,17,CBPO,Sell,100
2015,12,3,CBPO,Buy,100
2015,12,15,CBPO,Sell,100
2013,2,7,CCXI,Buy,100
2013,2,19,CCXI,Sell,100
2013,3,27,CCXI,Buy,100
2013,4,11,CCXI,Sell,100
2013,4,15,CCXI,Buy,100
2013,5,14,CCXI,Sell,100
2013,6,3,CCXI,Buy,100
2013,12,16,CCXI,Sell,100
2014,1,29,CCXI,Buy,100
2014,3,18,CCXI,Sell,100
2014,3,24,CCXI,Buy,100
2014,6,9,CCXI,Sell,100
2014,6,24,CCXI,Buy,100
2014,10,16,CCXI,Sell,100
2014,11,6,CCXI,Buy,100
2014,12,12,CCXI,Sell,100
2015,2,3,CCXI,Buy,100
2015,3,13,CCXI,Sell,100
2015,3,20,CCXI,Buy,100
2015,5,29,CCXI,Sell,100
2015,6,24,CCXI,Buy,100
2015,10,5,CCXI,Sell,100
2015,10,13,CCXI,Buy,100
2015,11,25,CCXI,Sell,100
2013,2,6,CELG,Buy,100
2013,2,22,CELG,Sell,100
2013,2,25,CELG,Buy,100
2013,2,28,CELG,Sell,100
2013,4,24,CELG,Buy,100
2013,5,10,CELG,Sell,100
2013,5,24,CELG,Buy,100
2013,7,9,CELG,Sell,100
2013,8,12,CELG,Buy,100
2013,9,27,CELG,Sell,100
2013,10,8,CELG,Buy,100
2013,11,22,CELG,Sell,100
2013,12,17,CELG,Buy,100
2014,5,27,CELG,Sell,100
2014,7,16,CELG,Buy,100
2014,8,15,CELG,Sell,100
2014,9,11,CELG,Buy,100
2014,10,23,CELG,Sell,100
2014,11,17,CELG,Buy,100
2014,11,24,CELG,Sell,100
2014,12,15,CELG,Buy,100
2015,1,13,CELG,Sell,100
2015,2,2,CELG,Buy,100
2015,3,20,CELG,Sell,100
2015,3,25,CELG,Buy,100
2015,6,22,CELG,Sell,100
2015,7,8,CELG,Buy,100
2015,7,15,CELG,Sell,100
2015,8,6,CELG,Buy,100
2015,10,27,CELG,Sell,100
2015,11,5,CELG,Buy,100
2015,12,23,CELG,Sell,100
2013,1,30,CEMP,Buy,100
2013,3,8,CEMP,Sell,100
2013,3,14,CEMP,Buy,100
2013,3,27,CEMP,Sell,100
2013,4,1,CEMP,Buy,100
2013,4,30,CEMP,Sell,100
2013,6,14,CEMP,Buy,100
2013,7,11,CEMP,Sell,100
2013,7,29,CEMP,Buy,100
2013,9,23,CEMP,Sell,100
2013,10,25,CEMP,Buy,100
2014,1,9,CEMP,Sell,100
2014,1,24,CEMP,Buy,100
2014,5,29,CEMP,Sell,100
2014,6,3,CEMP,Buy,100
2014,6,16,CEMP,Sell,100
2014,7,8,CEMP,Buy,100
2014,8,11,CEMP,Sell,100
2014,8,15,CEMP,Buy,100
2014,8,27,CEMP,Sell,100
2014,9,9,CEMP,Buy,100
2014,9,26,CEMP,Sell,100
2014,11,19,CEMP,Buy,100
2014,11,26,CEMP,Sell,100
2014,12,1,CEMP,Buy,100
2014,12,8,CEMP,Sell,100
2015,2,4,CEMP,Buy,100
2015,2,17,CEMP,Sell,100
2015,3,25,CEMP,Buy,100
2015,7,15,CEMP,Sell,100
2015,8,6,CEMP,Buy,100
2015,9,17,CEMP,Sell,100
2015,9,25,CEMP,Buy,100
2013,2,12,CERS,Buy,100
2013,2,28,CERS,Sell,100
2013,4,2,CERS,Buy,100
2013,4,11,CERS,Sell,100
2013,5,1,CERS,Buy,100
2013,7,12,CERS,Sell,100
2013,8,15,CERS,Buy,100
2013,9,27,CERS,Sell,100
2013,10,9,CERS,Buy,100
2014,1,8,CERS,Sell,100
2014,1,23,CERS,Buy,100
2014,2,13,CERS,Sell,100
2014,2,26,CERS,Buy,100
2014,9,8,CERS,Sell,100
2014,9,23,CERS,Buy,100
2014,10,15,CERS,Sell,100
2014,11,4,CERS,Buy,100
2014,11,13,CERS,Sell,100
2014,12,3,CERS,Buy,100
2014,12,9,CERS,Sell,100
2015,1,14,CERS,Buy,100
2015,4,23,CERS,Sell,100
2015,5,20,CERS,Buy,100
2015,5,28,CERS,Sell,100
2015,6,29,CERS,Buy,100
2015,9,4,CERS,Sell,100
2015,9,23,CERS,Buy,100
2015,10,28,CERS,Sell,100
2015,12,21,CERS,Buy,100
2013,1,30,CGEN,Buy,100
2013,3,8,CGEN,Sell,100
2013,3,18,CGEN,Buy,100
2013,4,25,CGEN,Sell,100
2013,5,9,CGEN,Buy,100
2013,6,3,CGEN,Sell,100
2013,6,20,CGEN,Buy,100
2013,8,5,CGEN,Sell,100
2013,9,11,CGEN,Buy,100
2013,9,30,CGEN,Sell,100
2013,10,8,CGEN,Buy,100
2013,10,17,CGEN,Sell,100
2013,10,25,CGEN,Buy,100
2014,1,7,CGEN,Sell,100
2014,2,3,CGEN,Buy,100
2014,2,10,CGEN,Sell,100
2014,2,11,CGEN,Buy,100
2014,2,25,CGEN,Sell,100
2014,2,28,CGEN,Buy,100
2014,6,16,CGEN,Sell,100
2014,7,8,CGEN,Buy,100
2014,9,3,CGEN,Sell,100
2014,9,12,CGEN,Buy,100
2014,12,5,CGEN,Sell,100
2015,1,15,CGEN,Buy,100
2015,5,28,CGEN,Sell,100
2015,6,25,CGEN,Buy,100
2015,9,17,CGEN,Sell,100
2015,9,25,CGEN,Buy,100
2015,10,15,CGEN,Sell,100
2015,12,7,CGEN,Buy,100
2013,1,30,CLDX,Buy,100
2013,2,11,CLDX,Sell,100
2013,3,25,CLDX,Buy,100
2013,4,18,CLDX,Sell,100
2013,5,3,CLDX,Buy,100
2013,6,7,CLDX,Sell,100
2013,6,21,CLDX,Buy,100
2013,7,2,CLDX,Sell,100
2013,7,29,CLDX,Buy,100
2013,8,21,CLDX,Sell,100
2013,10,8,CLDX,Buy,100
2013,11,22,CLDX,Sell,100
2013,12,5,CLDX,Buy,100
2014,1,13,CLDX,Sell,100
2014,1,29,CLDX,Buy,100
2014,2,21,CLDX,Sell,100
2014,3,3,CLDX,Buy,100
2014,6,9,CLDX,Sell,100
2014,6,30,CLDX,Buy,100
2014,8,11,CLDX,Sell,100
2014,9,5,CLDX,Buy,100
2014,10,15,CLDX,Sell,100
2014,11,5,CLDX,Buy,100
2014,11,17,CLDX,Sell,100
2014,12,9,CLDX,Buy,100
2015,1,16,CLDX,Sell,100
2015,2,3,CLDX,Buy,100
2015,2,23,CLDX,Sell,100
2015,3,23,CLDX,Buy,100
2015,4,23,CLDX,Sell,100
2015,4,27,CLDX,Buy,100
2015,5,18,CLDX,Sell,100
2015,6,4,CLDX,Buy,100
2015,11,9,CLDX,Sell,100
2015,12,7,CLDX,Buy,100
2013,2,7,CLVS,Buy,100
2013,3,1,CLVS,Sell,100
2013,5,7,CLVS,Buy,100
2013,6,3,CLVS,Sell,100
2013,6,26,CLVS,Buy,100
2013,9,17,CLVS,Sell,100
2013,9,25,CLVS,Buy,100
2013,11,22,CLVS,Sell,100
2013,12,6,CLVS,Buy,100
2014,1,9,CLVS,Sell,100
2014,1,27,CLVS,Buy,100
2014,2,21,CLVS,Sell,100
2014,3,21,CLVS,Buy,100
2014,5,15,CLVS,Sell,100
2014,5,27,CLVS,Buy,100
2014,8,8,CLVS,Sell,100
2014,9,4,CLVS,Buy,100
2014,10,23,CLVS,Sell,100
2014,11,14,CLVS,Buy,100
2014,12,18,CLVS,Sell,100
2015,2,4,CLVS,Buy,100
2015,2,17,CLVS,Sell,100
2015,3,20,CLVS,Buy,100
2015,4,13,CLVS,Sell,100
2015,4,30,CLVS,Buy,100
2015,5,14,CLVS,Sell,100
2015,6,1,CLVS,Buy,100
2015,9,9,CLVS,Sell,100
2015,9,25,CLVS,Buy,100
2015,11,2,CLVS,Sell,100
2015,11,12,CLVS,Buy,100
2015,12,29,CLVS,Sell,100
2013,1,30,CRIS,Buy,100
2013,3,4,CRIS,Sell,100
2013,3,27,CRIS,Buy,100
2013,4,25,CRIS,Sell,100
2013,5,22,CRIS,Buy,100
2013,7,11,CRIS,Sell,100
2013,8,7,CRIS,Buy,100
2013,8,21,CRIS,Sell,100
2013,9,11,CRIS,Buy,100
2013,9,30,CRIS,Sell,100
2013,10,4,CRIS,Buy,100
2014,2,21,CRIS,Sell,100
2014,3,3,CRIS,Buy,100
2014,6,30,CRIS,Sell,100
2014,7,8,CRIS,Buy,100
2014,7,31,CRIS,Sell,100
2014,8,8,CRIS,Buy,100
2014,11,24,CRIS,Sell,100
2014,12,8,CRIS,Buy,100
2014,12,31,CRIS,Sell,100
2015,1,15,CRIS,Buy,100
2015,1,22,CRIS,Sell,100
2015,3,6,CRIS,Buy,100
2015,5,14,CRIS,Sell,100
2015,6,12,CRIS,Buy,100
2015,7,15,CRIS,Sell,100
2015,7,24,CRIS,Buy,100
2015,10,28,CRIS,Sell,100
2015,12,22,CRIS,Buy,100
2013,2,22,DEPO,Buy,100
2013,5,21,DEPO,Sell,100
2013,6,11,DEPO,Buy,100
2013,7,11,DEPO,Sell,100
2013,9,30,DEPO,Buy,100
2013,10,1,DEPO,Sell,100
2013,10,4,DEPO,Buy,100
2013,11,22,DEPO,Sell,100
2013,12,11,DEPO,Buy,100
2013,12,18,DEPO,Sell,100
2014,2,3,DEPO,Buy,100
2014,3,3,DEPO,Sell,100
2014,3,25,DEPO,Buy,100
2014,7,1,DEPO,Sell,100
2014,7,7,DEPO,Buy,100
2014,8,19,DEPO,Sell,100
2014,9,4,DEPO,Buy,100
2015,1,8,DEPO,Sell,100
2015,2,2,DEPO,Buy,100
2015,2,23,DEPO,Sell,100
2015,3,23,DEPO,Buy,100
2015,4,15,DEPO,Sell,100
2015,4,28,DEPO,Buy,100
2015,6,18,DEPO,Sell,100
2015,6,26,DEPO,Buy,100
2015,7,7,DEPO,Sell,100
2015,8,3,DEPO,Buy,100
2013,2,21,DRRX,Buy,100
2013,3,7,DRRX,Sell,100
2013,3,14,DRRX,Buy,100
2013,4,30,DRRX,Sell,100
2013,5,10,DRRX,Buy,100
2013,6,19,DRRX,Sell,100
2013,8,7,DRRX,Buy,100
2013,9,12,DRRX,Sell,100
2013,10,8,DRRX,Buy,100
2013,10,17,DRRX,Sell,100
2013,11,11,DRRX,Buy,100
2013,11,22,DRRX,Sell,100
2013,12,5,DRRX,Buy,100
2014,1,7,DRRX,Sell,100
2014,2,3,DRRX,Buy,100
2014,5,2,DRRX,Sell,100
2014,5,13,DRRX,Buy,100
2014,6,12,DRRX,Sell,100
2014,7,8,DRRX,Buy,100
2014,8,25,DRRX,Sell,100
2014,9,3,DRRX,Buy,100
2014,9,10,DRRX,Sell,100
2014,9,17,DRRX,Buy,100
2015,1,26,DRRX,Sell,100
2015,2,11,DRRX,Buy,100
2015,3,3,DRRX,Sell,100
2015,4,30,DRRX,Buy,100
2015,5,28,DRRX,Sell,100
2015,6,16,DRRX,Buy,100
2015,7,16,DRRX,Sell,100
2015,7,29,DRRX,Buy,100
2015,9,10,DRRX,Sell,100
2015,9,25,DRRX,Buy,100
2015,11,6,DRRX,Sell,100
2015,11,16,DRRX,Buy,100
2015,12,2,DRRX,Sell,100
2015,12,9,DRRX,Buy,100
2013,2,6,ECYT,Buy,100
2013,3,25,ECYT,Sell,100
2013,5,1,ECYT,Buy,100
2013,7,1,ECYT,Sell,100
2013,8,7,ECYT,Buy,100
2013,9,13,ECYT,Sell,100
2013,9,18,ECYT,Buy,100
2014,1,3,ECYT,Sell,100
2014,1,27,ECYT,Buy,100
2014,2,18,ECYT,Sell,100
2014,2,28,ECYT,Buy,100
2014,3,21,ECYT,Sell,100
2014,4,10,ECYT,Buy,100
2014,6,10,ECYT,Sell,100
2014,6,19,ECYT,Buy,100
2014,7,30,ECYT,Sell,100
2014,8,20,ECYT,Buy,100
2014,8,29,ECYT,Sell,100
2014,9,5,ECYT,Buy,100
2014,9,9,ECYT,Sell,100
2014,9,19,ECYT,Buy,100
2014,10,30,ECYT,Sell,100
2014,11,4,ECYT,Buy,100
2014,11,6,ECYT,Sell,100
2014,12,1,ECYT,Buy,100
2015,2,17,ECYT,Sell,100
2015,3,18,ECYT,Buy,100
2015,8,13,ECYT,Sell,100
2015,8,19,ECYT,Buy,100
2015,9,17,ECYT,Sell,100
2015,9,24,ECYT,Buy,100
2015,10,28,ECYT,Sell,100
2015,11,12,ECYT,Buy,100
2013,2,12,ENDP,Buy,100
2013,4,2,ENDP,Sell,100
2013,5,10,ENDP,Buy,100
2013,6,7,ENDP,Sell,100
2013,6,24,ENDP,Buy,100
2013,8,28,ENDP,Sell,100
2013,10,8,ENDP,Buy,100
2013,11,5,ENDP,Sell,100
2013,12,10,ENDP,Buy,100
2014,1,8,ENDP,Sell,100
2014,1,22,ENDP,Buy,100
2014,2,18,ENDP,Sell,100
2014,3,6,ENDP,Buy,100
2014,5,5,ENDP,Sell,100
2014,6,2,ENDP,Buy,100
2014,6,25,ENDP,Sell,100
2014,7,7,ENDP,Buy,100
2014,9,17,ENDP,Sell,100
2014,10,9,ENDP,Buy,100
2014,11,24,ENDP,Sell,100
2014,12,10,ENDP,Buy,100
2015,1,7,ENDP,Sell,100
2015,2,4,ENDP,Buy,100
2015,2,12,ENDP,Sell,100
2015,3,25,ENDP,Buy,100
2015,4,8,ENDP,Sell,100
2015,4,27,ENDP,Buy,100
2015,9,18,ENDP,Sell,100
2015,9,22,ENDP,Buy,100
2013,1,30,EXEL,Buy,100
2013,4,11,EXEL,Sell,100
2013,5,1,EXEL,Buy,100
2013,7,18,EXEL,Sell,100
2013,7,26,EXEL,Buy,100
2013,9,4,EXEL,Sell,100
2013,10,7,EXEL,Buy,100
2013,11,25,EXEL,Sell,100
2013,12,17,EXEL,Buy,100
2013,12,31,EXEL,Sell,100
2014,1,27,EXEL,Buy,100
2014,6,10,EXEL,Sell,100
2014,6,27,EXEL,Buy,100
2014,7,14,EXEL,Sell,100
2014,7,17,EXEL,Buy,100
2014,7,24,EXEL,Sell,100
2014,8,19,EXEL,Buy,100
2014,10,20,EXEL,Sell,100
2014,11,19,EXEL,Buy,100
2015,1,2,EXEL,Sell,100
2015,3,12,EXEL,Buy,100
2015,4,9,EXEL,Sell,100
2015,4,27,EXEL,Buy,100
2015,5,8,EXEL,Sell,100
2015,5,28,EXEL,Buy,100
2015,6,19,EXEL,Sell,100
2015,6,29,EXEL,Buy,100
2015,7,20,EXEL,Sell,100
2015,8,14,EXEL,Buy,100
2013,2,1,FLML,Buy,100
2013,3,22,FLML,Sell,100
2013,4,1,FLML,Buy,100
2013,4,10,FLML,Sell,100
2013,5,7,FLML,Buy,100
2013,6,3,FLML,Sell,100
2013,6,27,FLML,Buy,100
2013,7,12,FLML,Sell,100
2013,7,17,FLML,Buy,100
2013,8,22,FLML,Sell,100
2013,8,27,FLML,Buy,100
2013,9,9,FLML,Sell,100
2013,9,18,FLML,Buy,100
2013,10,1,FLML,Sell,100
2013,10,17,FLML,Buy,100
2013,12,18,FLML,Sell,100
2014,1,27,FLML,Buy,100
2014,3,17,FLML,Sell,100
2014,4,4,FLML,Buy,100
2014,6,6,FLML,Sell,100
2014,7,8,FLML,Buy,100
2014,8,21,FLML,Sell,100
2014,9,3,FLML,Buy,100
2014,11,20,FLML,Sell,100
2015,1,5,FLML,Buy,100
2015,2,26,FLML,Sell,100
2015,4,8,FLML,Buy,100
2015,5,12,FLML,Sell,100
2015,7,8,FLML,Buy,100
2015,7,16,FLML,Sell,100
2015,8,3,FLML,Buy,100
2015,9,2,FLML,Sell,100
2015,9,21,FLML,Buy,100
2013,1,30,FOLD,Buy,100
2013,4,25,FOLD,Sell,100
2013,5,6,FOLD,Buy,100
2013,5,17,FOLD,Sell,100
2013,6,5,FOLD,Buy,100
2013,8,1,FOLD,Sell,100
2013,8,27,FOLD,Buy,100
2013,11,26,FOLD,Sell,100
2013,12,10,FOLD,Buy,100
2014,1,2,FOLD,Sell,100
2014,2,3,FOLD,Buy,100
2014,5,29,FOLD,Sell,100
2014,8,7,FOLD,Buy,100
2014,8,20,FOLD,Sell,100
2014,9,18,FOLD,Buy,100
2014,11,10,FOLD,Sell,100
2014,11,14,FOLD,Buy,100
2014,11,17,FOLD,Sell,100
2014,12,16,FOLD,Buy,100
2015,1,8,FOLD,Sell,100
2015,1,14,FOLD,Buy,100
2015,3,11,FOLD,Sell,100
2015,4,27,FOLD,Buy,100
2015,5,26,FOLD,Sell,100
2015,8,6,FOLD,Buy,100
2015,9,8,FOLD,Sell,100
2015,9,22,FOLD,Buy,100
2015,11,2,FOLD,Sell,100
2015,12,3,FOLD,Buy,100
2013,1,30,GERN,Buy,100
2013,3,8,GERN,Sell,100
2013,3,11,GERN,Buy,100
2013,6,19,GERN,Sell,100
2013,6,20,GERN,Buy,100
2013,6,21,GERN,Sell,100
2013,7,22,GERN,Buy,100
2013,8,12,GERN,Sell,100
2013,8,19,GERN,Buy,100
2013,9,9,GERN,Sell,100
2013,10,9,GERN,Buy,100
2013,10,16,GERN,Sell,100
2013,11,6,GERN,Buy,100
2013,11,7,GERN,Sell,100
2013,12,10,GERN,Buy,100
2014,1,9,GERN,Sell,100
2014,1,13,GERN,Buy,100
2014,1,23,GERN,Sell,100
2014,1,27,GERN,Buy,100
2014,4,22,GERN,Sell,100
2014,4,25,GERN,Buy,100
2014,6,10,GERN,Sell,100
2014,7,8,GERN,Buy,100
2014,9,4,GERN,Sell,100
2014,9,15,GERN,Buy,100
2014,11,3,GERN,Sell,100
2014,11,13,GERN,Buy,100
2014,11,17,GERN,Sell,100
2014,12,11,GERN,Buy,100
2015,3,5,GERN,Sell,100
2015,3,25,GERN,Buy,100
2015,6,22,GERN,Sell,100
2015,7,8,GERN,Buy,100
2015,10,23,GERN,Sell,100
2015,12,11,GERN,Buy,100
2013,1,30,GHDX,Buy,100
2013,4,17,GHDX,Sell,100
2013,6,5,GHDX,Buy,100
2013,7,12,GHDX,Sell,100
2013,8,1,GHDX,Buy,100
2013,9,9,GHDX,Sell,100
2013,9,20,GHDX,Buy,100
2013,10,24,GHDX,Sell,100
2013,10,30,GHDX,Buy,100
2013,11,6,GHDX,Sell,100
2013,12,4,GHDX,Buy,100
2014,1,14,GHDX,Sell,100
2014,1,27,GHDX,Buy,100
2014,10,8,GHDX,Sell,100
2014,11,12,GHDX,Buy,100
2015,3,5,GHDX,Sell,100
2015,3,23,GHDX,Buy,100
2015,6,22,GHDX,Sell,100
2015,6,29,GHDX,Buy,100
2015,8,28,GHDX,Sell,100
2015,9,4,GHDX,Buy,100
2015,11,4,GHDX,Sell,100
2015,12,11,GHDX,Buy,100
2015,12,18,GHDX,Sell,100
2013,5,1,GILD,Buy,100
2013,5,3,GILD,Sell,100
2013,5,31,GILD,Buy,100
2013,7,9,GILD,Sell,100
2013,8,8,GILD,Buy,100
2013,10,17,GILD,Sell,100
2013,11,6,GILD,Buy,100
2013,11,22,GILD,Sell,100
2013,12,11,GILD,Buy,100
2014,1,16,GILD,Sell,100
2014,2,5,GILD,Buy,100
2014,7,1,GILD,Sell,100
2014,7,17,GILD,Buy,100
2014,7,29,GILD,Sell,100
2014,9,12,GILD,Buy,100
2014,12,19,GILD,Sell,100
2014,12,22,GILD,Buy,100
2015,1,7,GILD,Sell,100
2015,1,13,GILD,Buy,100
2015,4,15,GILD,Sell,100
2015,4,30,GILD,Buy,100
2015,5,14,GILD,Sell,100
2015,6,29,GILD,Buy,100
2015,10,22,GILD,Sell,100
2015,11,12,GILD,Buy,100
2013,3,19,GRFS,Buy,100
2013,4,15,GRFS,Sell,100
2013,5,3,GRFS,Buy,100
2013,6,27,GRFS,Sell,100
2013,8,14,GRFS,Buy,100
2013,11,11,GRFS,Sell,100
2014,2,4,GRFS,Buy,100
2014,2,28,GRFS,Sell,100
2014,3,14,GRFS,Buy,100
2014,6,5,GRFS,Sell,100
2014,6,25,GRFS,Buy,100
2015,2,19,GRFS,Sell,100
2015,2,24,GRFS,Buy,100
2015,3,24,GRFS,Sell,100
2015,3,26,GRFS,Buy,100
2015,4,9,GRFS,Sell,100
2015,4,20,GRFS,Buy,100
2015,7,14,GRFS,Sell,100
2015,7,29,GRFS,Buy,100
2015,9,17,GRFS,Sell,100
2015,9,28,GRFS,Buy,100
2013,1,30,HALO,Buy,100
2013,3,22,HALO,Sell,100
2013,4,1,HALO,Buy,100
2013,4,23,HALO,Sell,100
2013,5,1,HALO,Buy,100
2013,5,14,HALO,Sell,100
2013,6,3,HALO,Buy,100
2013,6,28,HALO,Sell,100
2013,7,30,HALO,Buy,100
2013,8,28,HALO,Sell,100
2013,10,8,HALO,Buy,100
2013,10,16,HALO,Sell,100
2013,11,6,HALO,Buy,100
2013,11,8,HALO,Sell,100
2013,12,9,HALO,Buy,100
2014,1,16,HALO,Sell,100
2014,1,27,HALO,Buy,100
2014,5,13,HALO,Sell,100
2014,5,21,HALO,Buy,100
2014,6,5,HALO,Sell,100
2014,7,7,HALO,Buy,100
2014,8,11,HALO,Sell,100
2014,8,21,HALO,Buy,100
2014,12,19,HALO,Sell,100
2015,2,3,HALO,Buy,100
2015,2,19,HALO,Sell,100
2015,3,20,HALO,Buy,100
2015,4,23,HALO,Sell,100
2015,4,29,HALO,Buy,100
2015,6,3,HALO,Sell,100
2015,7,8,HALO,Buy,100
2015,7,13,HALO,Sell,100
2015,7,27,HALO,Buy,100
2015,9,17,HALO,Sell,100
2015,9,22,HALO,Buy,100
2015,10,30,HALO,Sell,100
2015,11,12,HALO,Buy,100
2013,1,30,HZNP,Buy,100
2013,3,15,HZNP,Sell,100
2013,4,3,HZNP,Buy,100
2013,6,21,HZNP,Sell,100
2013,7,9,HZNP,Buy,100
2013,7,17,HZNP,Sell,100
2013,7,31,HZNP,Buy,100
2013,9,17,HZNP,Sell,100
2013,11,5,HZNP,Buy,100
2013,11,19,HZNP,Sell,100
2013,12,17,HZNP,Buy,100
2013,12,23,HZNP,Sell,100
2014,1,27,HZNP,Buy,100
2014,1,29,HZNP,Sell,100
2014,4,4,HZNP,Buy,100
2014,6,19,HZNP,Sell,100
2014,7,8,HZNP,Buy,100
2014,9,9,HZNP,Sell,100
2014,10,7,HZNP,Buy,100
2014,12,9,HZNP,Sell,100
2014,12,16,HZNP,Buy,100
2015,1,7,HZNP,Sell,100
2015,3,25,HZNP,Buy,100
2015,3,30,HZNP,Sell,100
2015,4,30,HZNP,Buy,100
2015,5,22,HZNP,Sell,100
2015,8,3,HZNP,Buy,100
2015,9,17,HZNP,Sell,100
2015,9,21,HZNP,Buy,100
2015,11,6,HZNP,Sell,100
2015,12,3,HZNP,Buy,100
2013,2,11,ICPT,Buy,100
2013,6,19,ICPT,Sell,100
2013,7,24,ICPT,Buy,100
2013,9,6,ICPT,Sell,100
2013,10,9,ICPT,Buy,100
2013,12,2,ICPT,Sell,100
2014,2,6,ICPT,Buy,100
2014,2,10,ICPT,Sell,100
2014,3,17,ICPT,Buy,100
2014,8,12,ICPT,Sell,100
2014,9,9,ICPT,Buy,100
2015,1,5,ICPT,Sell,100
2015,1,9,ICPT,Buy,100
2015,1,26,ICPT,Sell,100
2015,3,25,ICPT,Buy,100
2015,5,14,ICPT,Sell,100
2015,5,19,ICPT,Buy,100
2015,11,9,ICPT,Sell,100
2015,11,16,ICPT,Buy,100
2013,1,30,ILMN,Buy,100
2013,3,4,ILMN,Sell,100
2013,4,22,ILMN,Buy,100
2013,4,23,ILMN,Sell,100
2013,6,4,ILMN,Buy,100
2013,6,25,ILMN,Sell,100
2013,7,23,ILMN,Buy,100
2013,7,24,ILMN,Sell,100
2013,8,15,ILMN,Buy,100
2013,9,11,ILMN,Sell,100
2013,9,25,ILMN,Buy,100
2013,10,22,ILMN,Sell,100
2013,11,15,ILMN,Buy,100
2013,11,21,ILMN,Sell,100
2014,3,7,ILMN,Buy,100
2014,5,22,ILMN,Sell,100
2014,7,8,ILMN,Buy,100
2014,8,25,ILMN,Sell,100
2014,9,12,ILMN,Buy,100
2014,10,21,ILMN,Sell,100
2014,11,13,ILMN,Buy,100
2015,1,7,ILMN,Sell,100
2015,1,13,ILMN,Buy,100
2015,1,26,ILMN,Sell,100
2015,2,3,ILMN,Buy,100
2015,4,21,ILMN,Sell,100
2015,4,27,ILMN,Buy,100
2015,6,9,ILMN,Sell,100
2015,6,29,ILMN,Buy,100
2015,7,14,ILMN,Sell,100
2015,7,22,ILMN,Buy,100
2015,11,4,ILMN,Sell,100
2015,12,11,ILMN,Buy,100
2015,12,29,ILMN,Sell,100
2013,1,30,IMGN,Buy,100
2013,2,27,IMGN,Sell,100
2013,3,26,IMGN,Buy,100
2013,4,10,IMGN,Sell,100
2013,4,15,IMGN,Buy,100
2013,5,13,IMGN,Sell,100
2013,6,4,IMGN,Buy,100
2013,7,2,IMGN,Sell,100
2013,8,2,IMGN,Buy,100
2013,9,6,IMGN,Sell,100
2013,9,23,IMGN,Buy,100
2014,1,14,IMGN,Sell,100
2014,1,24,IMGN,Buy,100
2014,2,21,IMGN,Sell,100
2014,3,6,IMGN,Buy,100
2014,6,12,IMGN,Sell,100
2014,6,25,IMGN,Buy,100
2014,11,26,IMGN,Sell,100
2014,12,1,IMGN,Buy,100
2014,12,17,IMGN,Sell,100
2014,12,19,IMGN,Buy,100
2015,1,20,IMGN,Sell,100
2015,1,21,IMGN,Buy,100
2015,1,30,IMGN,Sell,100
2015,3,17,IMGN,Buy,100
2015,3,23,IMGN,Sell,100
2015,4,27,IMGN,Buy,100
2015,6,1,IMGN,Sell,100
2015,6,26,IMGN,Buy,100
2015,7,13,IMGN,Sell,100
2015,8,3,IMGN,Buy,100
2015,9,17,IMGN,Sell,100
2015,9,21,IMGN,Buy,100
2015,10,28,IMGN,Sell,100
2015,11,16,IMGN,Buy,100
2015,11,25,IMGN,Sell,100
2015,12,9,IMGN,Buy,100
2013,1,30,IMMU,Buy,100
2013,4,2,IMMU,Sell,100
2013,4,8,IMMU,Buy,100
2013,5,13,IMMU,Sell,100
2013,7,24,IMMU,Buy,100
2013,8,26,IMMU,Sell,100
2013,9,16,IMMU,Buy,100
2013,10,1,IMMU,Sell,100
2013,10,8,IMMU,Buy,100
2013,11,22,IMMU,Sell,100
2013,12,11,IMMU,Buy,100
2014,1,2,IMMU,Sell,100
2014,1,27,IMMU,Buy,100
2014,6,9,IMMU,Sell,100
2014,6,23,IMMU,Buy,100
2014,8,25,IMMU,Sell,100
2014,8,26,IMMU,Buy,100
2014,9,24,IMMU,Sell,100
2014,10,7,IMMU,Buy,100
2014,11,26,IMMU,Sell,100
2014,12,23,IMMU,Buy,100
2015,1,5,IMMU,Sell,100
2015,1,15,IMMU,Buy,100
2015,1,29,IMMU,Sell,100
2015,2,4,IMMU,Buy,100
2015,3,5,IMMU,Sell,100
2015,3,9,IMMU,Buy,100
2015,6,5,IMMU,Sell,100
2015,6,15,IMMU,Buy,100
2015,8,28,IMMU,Sell,100
2015,9,21,IMMU,Buy,100
2015,10,19,IMMU,Sell,100
2015,12,2,IMMU,Buy,100
2013,1,30,INCY,Buy,100
2013,2,14,INCY,Sell,100
2013,3,19,INCY,Buy,100
2013,5,10,INCY,Sell,100
2013,5,21,INCY,Buy,100
2013,7,1,INCY,Sell,100
2013,7,29,INCY,Buy,100
2013,8,1,INCY,Sell,100
2013,9,23,INCY,Buy,100
2013,10,1,INCY,Sell,100
2013,10,8,INCY,Buy,100
2013,11,13,INCY,Sell,100
2014,2,5,INCY,Buy,100
2014,2,12,INCY,Sell,100
2014,2,14,INCY,Buy,100
2014,5,5,INCY,Sell,100
2014,5,16,INCY,Buy,100
2014,8,13,INCY,Sell,100
2014,9,9,INCY,Buy,100
2014,10,16,INCY,Sell,100
2014,12,15,INCY,Buy,100
2015,1,23,INCY,Sell,100
2015,2,3,INCY,Buy,100
2015,2,25,INCY,Sell,100
2015,3,25,INCY,Buy,100
2015,4,13,INCY,Sell,100
2015,4,30,INCY,Buy,100
2015,7,13,INCY,Sell,100
2015,7,24,INCY,Buy,100
2015,8,28,INCY,Sell,100
2015,9,21,INCY,Buy,100
2013,1,30,INFI,Buy,100
2013,2,19,INFI,Sell,100
2013,3,22,INFI,Buy,100
2013,7,19,INFI,Sell,100
2013,8,8,INFI,Buy,100
2013,9,6,INFI,Sell,100
2013,9,20,INFI,Buy,100
2014,1,21,INFI,Sell,100
2014,1,27,INFI,Buy,100
2014,2,25,INFI,Sell,100
2014,3,7,INFI,Buy,100
2014,6,6,INFI,Sell,100
2014,7,7,INFI,Buy,100
2014,8,12,INFI,Sell,100
2014,9,2,INFI,Buy,100
2014,9,3,INFI,Sell,100
2014,9,23,INFI,Buy,100
2014,11,12,INFI,Sell,100
2014,12,23,INFI,Buy,100
2015,2,26,INFI,Sell,100
2015,3,12,INFI,Buy,100
2015,9,21,INFI,Sell,100
2015,9,25,INFI,Buy,100
2015,10,21,INFI,Sell,100
2015,11,6,INFI,Buy,100
2013,2,21,INO,Buy,100
2013,4,29,INO,Sell,100
2013,6,3,INO,Buy,100
2013,6,26,INO,Sell,100
2013,8,12,INO,Buy,100
2013,9,6,INO,Sell,100
2013,9,24,INO,Buy,100
2013,11,22,INO,Sell,100
2013,12,6,INO,Buy,100
2013,12,23,INO,Sell,100
2014,1,14,INO,Buy,100
2014,2,10,INO,Sell,100
2014,3,24,INO,Buy,100
2014,6,6,INO,Sell,100
2014,6,11,INO,Buy,100
2014,6,27,INO,Sell,100
2014,7,15,INO,Buy,100
2014,7,23,INO,Sell,100
2014,7,31,INO,Buy,100
2014,10,3,INO,Sell,100
2014,10,9,INO,Buy,100
2014,10,15,INO,Sell,100
2014,11,5,INO,Buy,100
2015,3,16,INO,Sell,100
2015,4,28,INO,Buy,100
2015,6,4,INO,Sell,100
2015,6,15,INO,Buy,100
2015,8,10,INO,Sell,100
2015,8,20,INO,Buy,100
2015,10,23,INO,Sell,100
2015,12,3,INO,Buy,100
2013,1,30,INSM,Buy,100
2013,3,11,INSM,Sell,100
2013,4,4,INSM,Buy,100
2013,4,24,INSM,Sell,100
2013,5,10,INSM,Buy,100
2013,5,15,INSM,Sell,100
2013,6,12,INSM,Buy,100
2013,8,21,INSM,Sell,100
2013,9,20,INSM,Buy,100
2013,11,27,INSM,Sell,100
2013,12,13,INSM,Buy,100
2014,1,6,INSM,Sell,100
2014,1,29,INSM,Buy,100
2014,5,12,INSM,Sell,100
2014,5,15,INSM,Buy,100
2014,6,18,INSM,Sell,100
2014,7,15,INSM,Buy,100
2014,10,23,INSM,Sell,100
2014,11,13,INSM,Buy,100
2014,12,3,INSM,Sell,100
2014,12,15,INSM,Buy,100
2014,12,18,INSM,Sell,100
2015,1,12,INSM,Buy,100
2015,2,13,INSM,Sell,100
2015,3,25,INSM,Buy,100
2015,6,5,INSM,Sell,100
2015,6,29,INSM,Buy,100
2015,7,16,INSM,Sell,100
2015,8,12,INSM,Buy,100
2015,10,28,INSM,Sell,100
2015,11,6,INSM,Buy,100
2015,12,8,INSM,Sell,100
2013,1,31,INSY,Buy,100
2013,2,5,INSY,Sell,100
2013,3,25,INSY,Buy,100
2013,4,24,INSY,Sell,100
2013,5,7,INSY,Buy,100
2013,6,24,INSY,Sell,100
2013,7,30,INSY,Buy,100
2013,8,13,INSY,Sell,100
2013,9,27,INSY,Buy,100
2013,10,2,INSY,Sell,100
2013,10,16,INSY,Buy,100
2013,11,4,INSY,Sell,100
2013,11,18,INSY,Buy,100
2013,12,6,INSY,Sell,100
2013,12,13,INSY,Buy,100
2014,1,13,INSY,Sell,100
2014,2,6,INSY,Buy,100
2014,2,20,INSY,Sell,100
2014,3,17,INSY,Buy,100
2014,6,17,INSY,Sell,100
2014,7,8,INSY,Buy,100
2014,8,12,INSY,Sell,100
2014,9,8,INSY,Buy,100
2014,9,25,INSY,Sell,100
2014,10,13,INSY,Buy,100
2014,12,9,INSY,Sell,100
2015,3,23,INSY,Buy,100
2015,6,4,INSY,Sell,100
2015,6,29,INSY,Buy,100
2015,7,22,INSY,Sell,100
2015,8,6,INSY,Buy,100
2015,11,23,INSY,Sell,100
2015,12,3,INSY,Buy,100
2013,2,12,IONS,Buy,100
2013,3,1,IONS,Sell,100
2013,3,26,IONS,Buy,100
2013,4,11,IONS,Sell,100
2013,5,8,IONS,Buy,100
2013,6,7,IONS,Sell,100
2013,6,20,IONS,Buy,100
2013,6,24,IONS,Sell,100
2013,7,23,IONS,Buy,100
2013,9,4,IONS,Sell,100
2013,10,7,IONS,Buy,100
2013,11,22,IONS,Sell,100
2014,1,3,IONS,Buy,100
2014,1,9,IONS,Sell,100
2014,2,5,IONS,Buy,100
2014,2,21,IONS,Sell,100
2014,2,28,IONS,Buy,100
2014,5,27,IONS,Sell,100
2014,7,7,IONS,Buy,100
2014,8,11,IONS,Sell,100
2014,9,26,IONS,Buy,100
2014,10,24,IONS,Sell,100
2015,1,28,IONS,Buy,100
2015,3,19,IONS,Sell,100
2015,3,23,IONS,Buy,100
2015,10,26,IONS,Sell,100
2015,12,2,IONS,Buy,100
2013,1,30,IPXL,Buy,100
2013,4,22,IPXL,Sell,100
2013,5,7,IPXL,Buy,100
2013,5,16,IPXL,Sell,100
2013,6,11,IPXL,Buy,100
2013,6,28,IPXL,Sell,100
2013,8,15,IPXL,Buy,100
2013,11,5,IPXL,Sell,100
2013,12,11,IPXL,Buy,100
2013,12,18,IPXL,Sell,100
2014,1,13,IPXL,Buy,100
2014,2,20,IPXL,Sell,100
2014,3,21,IPXL,Buy,100
2014,5,23,IPXL,Sell,100
2014,7,7,IPXL,Buy,100
2014,10,9,IPXL,Sell,100
2014,12,12,IPXL,Buy,100
2015,1,8,IPXL,Sell,100
2015,3,6,IPXL,Buy,100
2015,3,11,IPXL,Sell,100
2015,4,27,IPXL,Buy,100
2015,5,29,IPXL,Sell,100
2015,6,15,IPXL,Buy,100
2015,7,16,IPXL,Sell,100
2015,7,29,IPXL,Buy,100
2015,11,13,IPXL,Sell,100
2015,12,9,IPXL,Buy,100
2013,1,30,IRWD,Buy,100
2013,2,13,IRWD,Sell,100
2013,4,1,IRWD,Buy,100
2013,7,25,IRWD,Sell,100
2013,8,7,IRWD,Buy,100
2013,9,6,IRWD,Sell,100
2013,9,20,IRWD,Buy,100
2013,11,21,IRWD,Sell,100
2013,12,13,IRWD,Buy,100
2013,12,23,IRWD,Sell,100
2014,1,7,IRWD,Buy,100
2014,1,10,IRWD,Sell,100
2014,2,3,IRWD,Buy,100
2014,5,14,IRWD,Sell,100
2014,7,7,IRWD,Buy,100
2014,9,11,IRWD,Sell,100
2014,9,15,IRWD,Buy,100
2014,10,30,IRWD,Sell,100
2014,11,5,IRWD,Buy,100
2014,12,9,IRWD,Sell,100
2014,12,15,IRWD,Buy,100
2015,1,26,IRWD,Sell,100
2015,2,2,IRWD,Buy,100
2015,3,19,IRWD,Sell,100
2015,3,25,IRWD,Buy,100
2015,9,17,IRWD,Sell,100
2015,9,22,IRWD,Buy,100
2015,11,13,IRWD,Sell,100
2015,12,3,IRWD,Buy,100
2013,1,31,JAZZ,Buy,100
2013,3,4,JAZZ,Sell,100
2013,3,19,JAZZ,Buy,100
2013,4,25,JAZZ,Sell,100
2013,5,8,JAZZ,Buy,100
2013,5,22,JAZZ,Sell,100
2013,6,20,JAZZ,Buy,100
2013,7,5,JAZZ,Sell,100
2013,7,24,JAZZ,Buy,100
2013,8,1,JAZZ,Sell,100
2013,10,7,JAZZ,Buy,100
2013,11,13,JAZZ,Sell,100
2013,12,16,JAZZ,Buy,100
2013,12,20,JAZZ,Sell,100
2014,2,4,JAZZ,Buy,100
2014,2,18,JAZZ,Sell,100
2014,2,28,JAZZ,Buy,100
2014,4,22,JAZZ,Sell,100
2014,4,25,JAZZ,Buy,100
2014,6,20,JAZZ,Sell,100
2014,6,27,JAZZ,Buy,100
2014,7,2,JAZZ,Sell,100
2014,7,11,JAZZ,Buy,100
2014,8,18,JAZZ,Sell,100
2014,9,15,JAZZ,Buy,100
2014,11,26,JAZZ,Sell,100
2014,12,1,JAZZ,Buy,100
2014,12,3,JAZZ,Sell,100
2014,12,11,JAZZ,Buy,100
2015,1,20,JAZZ,Sell,100
2015,2,3,JAZZ,Buy,100
2015,2,25,JAZZ,Sell,100
2015,2,27,JAZZ,Buy,100
2015,3,17,JAZZ,Sell,100
2015,3,25,JAZZ,Buy,100
2015,7,28,JAZZ,Sell,100
2015,8,6,JAZZ,Buy,100
2015,11,2,JAZZ,Sell,100
2015,11,12,JAZZ,Buy,100
2013,1,30,LBIO,Buy,100
2013,5,3,LBIO,Sell,100
2013,5,7,LBIO,Buy,100
2013,6,3,LBIO,Sell,100
2013,6,11,LBIO,Buy,100
2013,7,19,LBIO,Sell,100
2013,8,16,LBIO,Buy,100
2013,10,2,LBIO,Sell,100
2013,10,14,LBIO,Buy,100
2013,11,18,LBIO,Sell,100
2014,1,2,LBIO,Buy,100
2014,3,4,LBIO,Sell,100
2014,4,11,LBIO,Buy,100
2014,5,12,LBIO,Sell,100
2014,5,14,LBIO,Buy,100
2014,7,3,LBIO,Sell,100
2014,8,1,LBIO,Buy,100
2014,9,2,LBIO,Sell,100
2014,9,19,LBIO,Buy,100
2014,11,3,LBIO,Sell,100
2014,11,13,LBIO,Buy,100
2014,12,17,LBIO,Sell,100
2015,1,27,LBIO,Buy,100
2015,2,25,LBIO,Sell,100
2015,3,25,LBIO,Buy,100
2015,6,15,LBIO,Sell,100
2015,6,17,LBIO,Buy,100
2015,9,15,LBIO,Sell,100
2015,9,22,LBIO,Buy,100
2015,11,3,LBIO,Sell,100
2015,11,16,LBIO,Buy,100
2015,12,7,LBIO,Sell,100
2015,12,28,LBIO,Buy,100
2013,1,30,LGND,Buy,100
2013,2,6,LGND,Sell,100
2013,2,25,LGND,Buy,100
2013,3,6,LGND,Sell,100
2013,4,15,LGND,Buy,100
2013,4,22,LGND,Sell,100
2013,5,1,LGND,Buy,100
2013,5,30,LGND,Sell,100
2013,8,6,LGND,Buy,100
2013,8,29,LGND,Sell,100
2013,9,19,LGND,Buy,100
2013,10,17,LGND,Sell,100
2013,11,5,LGND,Buy,100
2013,11,26,LGND,Sell,100
2013,12,11,LGND,Buy,100
2014,1,9,LGND,Sell,100
2014,2,3,LGND,Buy,100
2014,2,11,LGND,Sell,100
2014,3,6,LGND,Buy,100
2014,3,17,LGND,Sell,100
2014,3,21,LGND,Buy,100
2014,5,27,LGND,Sell,100
2014,6,16,LGND,Buy,100
2014,8,12,LGND,Sell,100
2014,8,21,LGND,Buy,100
2014,10,23,LGND,Sell,100
2014,11,18,LGND,Buy,100
2015,1,8,LGND,Sell,100
2015,1,12,LGND,Buy,100
2015,1,26,LGND,Sell,100
2015,2,3,LGND,Buy,100
2015,3,2,LGND,Sell,100
2015,3,26,LGND,Buy,100
2015,4,8,LGND,Sell,100
2015,4,28,LGND,Buy,100
2015,6,5,LGND,Sell,100
2015,8,6,LGND,Buy,100
2015,9,17,LGND,Sell,100
2015,9,25,LGND,Buy,100
2015,11,10,LGND,Sell,100
2015,12,11,LGND,Buy,100
2015,12,16,LGND,Sell,100
2015,12,28,LGND,Buy,100
2013,2,5,LMNX,Buy,100
2013,5,10,LMNX,Sell,100
2013,7,30,LMNX,Buy,100
2013,8,21,LMNX,Sell,100
2013,8,27,LMNX,Buy,100
2014,3,7,LMNX,Sell,100
2014,3,13,LMNX,Buy,100
2014,4,30,LMNX,Sell,100
2014,5,8,LMNX,Buy,100
2014,7,29,LMNX,Sell,100
2014,9,9,LMNX,Buy,100
2014,9,16,LMNX,Sell,100
2014,10,15,LMNX,Buy,100
2015,1,7,LMNX,Sell,100
2015,1,15,LMNX,Buy,100
2015,3,23,LMNX,Sell,100
2015,3,26,LMNX,Buy,100
2015,4,8,LMNX,Sell,100
2015,4,23,LMNX,Buy,100
2015,6,3,LMNX,Sell,100
2015,6,29,LMNX,Buy,100
2015,7,28,LMNX,Sell,100
2015,7,29,LMNX,Buy,100
2015,8,4,LMNX,Sell,100
2015,8,20,LMNX,Buy,100
2015,11,2,LMNX,Sell,100
2015,12,11,LMNX,Buy,100
2015,12,15,LMNX,Sell,100
2015,12,18,LMNX,Buy,100
2013,1,30,LXRX,Buy,100
2013,4,22,LXRX,Sell,100
2013,4,29,LXRX,Buy,100
2013,5,15,LXRX,Sell,100
2013,6,14,LXRX,Buy,100
2013,7,11,LXRX,Sell,100
2013,7,26,LXRX,Buy,100
2013,10,1,LXRX,Sell,100
2013,10,18,LXRX,Buy,100
2014,1,10,LXRX,Sell,100
2014,1,24,LXRX,Buy,100
2014,6,9,LXRX,Sell,100
2014,6,30,LXRX,Buy,100
2015,1,12,LXRX,Sell,100
2015,1,21,LXRX,Buy,100
2015,2,23,LXRX,Sell,100
2015,3,23,LXRX,Buy,100
2015,4,21,LXRX,Sell,100
2015,5,7,LXRX,Buy,100
2015,5,22,LXRX,Sell,100
2015,5,28,LXRX,Buy,100
2015,6,5,LXRX,Sell,100
2015,6,29,LXRX,Buy,100
2015,7,6,LXRX,Sell,100
2015,7,27,LXRX,Buy,100
2015,8,3,LXRX,Sell,100
2015,9,21,LXRX,Buy,100
2015,11,6,LXRX,Sell,100
2015,12,7,LXRX,Buy,100
2013,1,30,MACK,Buy,100
2013,2,5,MACK,Sell,100
2013,2,25,MACK,Buy,100
2013,6,14,MACK,Sell,100
2013,7,11,MACK,Buy,100
2013,9,5,MACK,Sell,100
2013,9,30,MACK,Buy,100
2013,11,26,MACK,Sell,100
2014,1,27,MACK,Buy,100
2014,3,3,MACK,Sell,100
2014,3,20,MACK,Buy,100
2014,5,1,MACK,Sell,100
2014,6,20,MACK,Buy,100
2014,8,7,MACK,Sell,100
2014,9,4,MACK,Buy,100
2014,9,25,MACK,Sell,100
2014,10,10,MACK,Buy,100
2014,10,24,MACK,Sell,100
2014,11,5,MACK,Buy,100
2014,11,26,MACK,Sell,100
2014,12,1,MACK,Buy,100
2014,12,12,MACK,Sell,100
2015,1,13,MACK,Buy,100
2015,2,17,MACK,Sell,100
2015,3,23,MACK,Buy,100
2015,4,13,MACK,Sell,100
2015,4,27,MACK,Buy,100
2013,2,12,MDCO,Buy,100
2013,2,15,MDCO,Sell,100
2013,3,18,MDCO,Buy,100
2013,3,25,MDCO,Sell,100
2013,4,5,MDCO,Buy,100
2013,4,19,MDCO,Sell,100
2013,5,1,MDCO,Buy,100
2013,5,9,MDCO,Sell,100
2013,5,21,MDCO,Buy,100
2013,9,10,MDCO,Sell,100
2013,9,20,MDCO,Buy,100
2013,10,23,MDCO,Sell,100
2013,12,3,MDCO,Buy,100
2013,12,5,MDCO,Sell,100
2013,12,10,MDCO,Buy,100
2014,1,10,MDCO,Sell,100
2014,1,17,MDCO,Buy,100
2014,5,23,MDCO,Sell,100
2014,6,25,MDCO,Buy,100
2014,8,19,MDCO,Sell,100
2014,9,9,MDCO,Buy,100
2014,10,28,MDCO,Sell,100
2014,12,11,MDCO,Buy,100
2015,3,18,MDCO,Sell,100
2015,3,25,MDCO,Buy,100
2015,5,28,MDCO,Sell,100
2015,6,17,MDCO,Buy,100
2015,6,25,MDCO,Sell,100
2015,6,29,MDCO,Buy,100
2015,7,2,MDCO,Sell,100
2015,7,29,MDCO,Buy,100
2015,8,28,MDCO,Sell,100
2015,9,25,MDCO,Buy,100
2015,11,3,MDCO,Sell,100
2015,12,3,MDCO,Buy,100
2013,1,30,MDVN,Buy,100
2013,4,5,MDVN,Sell,100
2013,5,1,MDVN,Buy,100
2013,8,2,MDVN,Sell,100
2013,8,9,MDVN,Buy,100
2013,9,4,MDVN,Sell,100
2013,9,20,MDVN,Buy,100
2013,12,20,MDVN,Sell,100
2014,1,3,MDVN,Buy,100
2014,1,7,MDVN,Sell,100
2014,2,3,MDVN,Buy,100
2014,5,9,MDVN,Sell,100
2014,7,7,MDVN,Buy,100
2014,8,8,MDVN,Sell,100
2014,10,7,MDVN,Buy,100
2014,11,7,MDVN,Sell,100
2014,12,9,MDVN,Buy,100
2015,1,21,MDVN,Sell,100
2015,1,28,MDVN,Buy,100
2015,2,20,MDVN,Sell,100
2015,3,26,MDVN,Buy,100
2015,5,21,MDVN,Sell,100
2015,6,2,MDVN,Buy,100
2015,9,17,MDVN,Sell,100
2015,9,22,MDVN,Buy,100
2015,12,21,MDVN,Sell,100
2013,1,30,MNKD,Buy,100
2013,3,5,MNKD,Sell,100
2013,4,24,MNKD,Buy,100
2013,5,10,MNKD,Sell,100
2013,6,18,MNKD,Buy,100
2013,7,31,MNKD,Sell,100
2013,8,6,MNKD,Buy,100
2013,12,9,MNKD,Sell,100
2013,12,10,MNKD,Buy,100
2014,1,6,MNKD,Sell,100
2014,1,21,MNKD,Buy,100
2014,2,24,MNKD,Sell,100
2014,3,6,MNKD,Buy,100
2014,4,2,MNKD,Sell,100
2014,4,28,MNKD,Buy,100
2014,5,13,MNKD,Sell,100
2014,6,27,MNKD,Buy,100
2014,11,18,MNKD,Sell,100
2014,12,1,MNKD,Buy,100
2015,1,26,MNKD,Sell,100
2015,2,23,MNKD,Buy,100
2015,5,27,MNKD,Sell,100
2015,6,24,MNKD,Buy,100
2015,10,22,MNKD,Sell,100
2015,11,2,MNKD,Buy,100
2013,2,5,MNTA,Buy,100
2013,3,1,MNTA,Sell,100
2013,3,21,MNTA,Buy,100
2013,6,7,MNTA,Sell,100
2013,6,20,MNTA,Buy,100
2013,7,26,MNTA,Sell,100
2013,8,8,MNTA,Buy,100
2013,10,17,MNTA,Sell,100
2013,12,10,MNTA,Buy,100
2014,1,3,MNTA,Sell,100
2014,1,27,MNTA,Buy,100
2014,5,27,MNTA,Sell,100
2014,6,19,MNTA,Buy,100
2014,8,13,MNTA,Sell,100
2014,9,5,MNTA,Buy,100
2014,10,3,MNTA,Sell,100
2014,10,10,MNTA,Buy,100
2014,10,17,MNTA,Sell,100
2014,10,20,MNTA,Buy,100
2014,11,20,MNTA,Sell,100
2014,12,15,MNTA,Buy,100
2015,2,18,MNTA,Sell,100
2015,4,30,MNTA,Buy,100
2015,6,1,MNTA,Sell,100
2015,6,29,MNTA,Buy,100
2015,11,5,MNTA,Sell,100
2015,12,1,MNTA,Buy,100
2013,1,31,MYGN,Buy,100
2013,3,13,MYGN,Sell,100
2013,3,22,MYGN,Buy,100
2013,4,15,MYGN,Sell,100
2013,6,3,MYGN,Buy,100
2013,7,12,MYGN,Sell,100
2013,7,29,MYGN,Buy,100
2013,11,8,MYGN,Sell,100
2013,12,2,MYGN,Buy,100
2014,2,5,MYGN,Sell,100
2014,3,11,MYGN,Buy,100
2014,4,2,MYGN,Sell,100
2014,5,7,MYGN,Buy,100
2014,6,18,MYGN,Sell,100
2014,7,17,MYGN,Buy,100
2014,8,12,MYGN,Sell,100
2014,8,13,MYGN,Buy,100
2014,9,16,MYGN,Sell,100
2014,10,3,MYGN,Buy,100
2014,12,8,MYGN,Sell,100
2014,12,15,MYGN,Buy,100
2014,12,19,MYGN,Sell,100
2014,12,30,MYGN,Buy,100
2015,1,12,MYGN,Sell,100
2015,1,21,MYGN,Buy,100
2015,3,16,MYGN,Sell,100
2015,3,30,MYGN,Buy,100
2015,8,28,MYGN,Sell,100
2015,9,25,MYGN,Buy,100
2015,10,28,MYGN,Sell,100
2015,11,16,MYGN,Buy,100
2013,2,25,MYL,Buy,100
2013,2,28,MYL,Sell,100
2013,3,21,MYL,Buy,100
2013,4,25,MYL,Sell,100
2013,6,3,MYL,Buy,100
2013,7,12,MYL,Sell,100
2013,8,21,MYL,Buy,100
2013,9,10,MYL,Sell,100
2013,10,18,MYL,Buy,100
2013,11,8,MYL,Sell,100
2013,12,10,MYL,Buy,100
2014,1,8,MYL,Sell,100
2014,1,24,MYL,Buy,100
2014,2,18,MYL,Sell,100
2014,3,13,MYL,Buy,100
2014,6,24,MYL,Sell,100
2014,7,7,MYL,Buy,100
2014,10,3,MYL,Sell,100
2014,10,13,MYL,Buy,100
2014,11,26,MYL,Sell,100
2014,12,10,MYL,Buy,100
2015,3,12,MYL,Sell,100
2015,3,30,MYL,Buy,100
2015,4,8,MYL,Sell,100
2015,5,6,MYL,Buy,100
2015,6,4,MYL,Sell,100
2015,6,16,MYL,Buy,100
2015,10,29,MYL,Sell,100
2015,11,12,MYL,Buy,100
2015,11,13,MYL,Sell,100
2013,4,15,NBIX,Buy,100
2013,5,23,NBIX,Sell,100
2013,6,12,NBIX,Buy,100
2013,7,1,NBIX,Sell,100
2013,7,24,NBIX,Buy,100
2013,8,26,NBIX,Sell,100
2013,8,27,NBIX,Buy,100
2013,9,3,NBIX,Sell,100
2013,9,10,NBIX,Buy,100
2013,10,4,NBIX,Sell,100
2013,10,8,NBIX,Buy,100
2013,11,27,NBIX,Sell,100
2013,12,13,NBIX,Buy,100
2014,1,7,NBIX,Sell,100
2014,1,30,NBIX,Buy,100
2014,2,21,NBIX,Sell,100
2014,3,3,NBIX,Buy,100
2014,6,5,NBIX,Sell,100
2014,6,27,NBIX,Buy,100
2014,7,3,NBIX,Sell,100
2014,7,8,NBIX,Buy,100
2014,7,30,NBIX,Sell,100
2014,7,31,NBIX,Buy,100
2014,8,11,NBIX,Sell,100
2014,9,15,NBIX,Buy,100
2014,10,16,NBIX,Sell,100
2014,12,8,NBIX,Buy,100
2014,12,10,NBIX,Sell,100
2015,1,5,NBIX,Buy,100
2015,1,8,NBIX,Sell,100
2015,3,24,NBIX,Buy,100
2015,6,8,NBIX,Sell,100
2015,6,10,NBIX,Buy,100
2015,6,16,NBIX,Sell,100
2015,7,27,NBIX,Buy,100
2015,9,10,NBIX,Sell,100
2015,9,22,NBIX,Buy,100
2015,11,4,NBIX,Sell,100
2015,12,1,NBIX,Buy,100
2015,12,29,NBIX,Sell,100
2013,1,30,NKTR,Buy,100
2013,2,19,NKTR,Sell,100
2013,4,5,NKTR,Buy,100
2013,6,19,NKTR,Sell,100
2013,7,23,NKTR,Buy,100
2013,9,9,NKTR,Sell,100
2013,9,27,NKTR,Buy,100
2013,10,23,NKTR,Sell,100
2013,10,30,NKTR,Buy,100
2014,1,10,NKTR,Sell,100
2014,2,3,NKTR,Buy,100
2014,3,4,NKTR,Sell,100
2014,3,10,NKTR,Buy,100
2014,5,29,NKTR,Sell,100
2014,6,3,NKTR,Buy,100
2014,6,9,NKTR,Sell,100
2014,7,7,NKTR,Buy,100
2014,8,11,NKTR,Sell,100
2014,9,9,NKTR,Buy,100
2014,10,16,NKTR,Sell,100
2014,10,17,NKTR,Buy,100
2014,10,23,NKTR,Sell,100
2014,12,12,NKTR,Buy,100
2015,6,22,NKTR,Sell,100
2015,7,2,NKTR,Buy,100
2015,9,14,NKTR,Sell,100
2015,9,25,NKTR,Buy,100
2015,10,28,NKTR,Sell,100
2015,12,14,NKTR,Buy,100
2015,12,21,NKTR,Sell,100
2013,1,30,NLNK,Buy,100
2013,2,4,NLNK,Sell,100
2013,2,22,NLNK,Buy,100
2013,4,26,NLNK,Sell,100
2013,6,26,NLNK,Buy,100
2013,8,14,NLNK,Sell,100
2013,8,19,NLNK,Buy,100
2013,9,30,NLNK,Sell,100
2013,10,9,NLNK,Buy,100
2013,11,20,NLNK,Sell,100
2013,12,31,NLNK,Buy,100
2014,1,10,NLNK,Sell,100
2014,3,3,NLNK,Buy,100
2014,5,9,NLNK,Sell,100
2014,5,15,NLNK,Buy,100
2014,6,16,NLNK,Sell,100
2014,7,8,NLNK,Buy,100
2014,8,8,NLNK,Sell,100
2014,9,4,NLNK,Buy,100
2014,10,16,NLNK,Sell,100
2014,11,5,NLNK,Buy,100
2014,11,26,NLNK,Sell,100
2014,12,15,NLNK,Buy,100
2015,1,2,NLNK,Sell,100
2015,1,6,NLNK,Buy,100
2015,3,4,NLNK,Sell,100
2015,3,25,NLNK,Buy,100
2015,7,13,NLNK,Sell,100
2015,8,3,NLNK,Buy,100
2015,9,17,NLNK,Sell,100
2015,9,25,NLNK,Buy,100
2015,10,27,NLNK,Sell,100
2015,11,6,NLNK,Buy,100
2013,1,30,NVAX,Buy,100
2013,3,7,NVAX,Sell,100
2013,4,24,NVAX,Buy,100
2013,7,1,NVAX,Sell,100
2013,8,6,NVAX,Buy,100
2013,8,19,NVAX,Sell,100
2013,9,19,NVAX,Buy,100
2013,11,21,NVAX,Sell,100
2014,1,31,NVAX,Buy,100
2014,2,27,NVAX,Sell,100
2014,3,7,NVAX,Buy,100
2014,5,23,NVAX,Sell,100
2014,6,6,NVAX,Buy,100
2014,8,14,NVAX,Sell,100
2014,9,15,NVAX,Buy,100
2014,10,15,NVAX,Sell,100
2014,11,7,NVAX,Buy,100
2014,12,10,NVAX,Sell,100
2015,1,6,NVAX,Buy,100
2015,1,9,NVAX,Sell,100
2015,1,14,NVAX,Buy,100
2015,1,16,NVAX,Sell,100
2015,3,3,NVAX,Buy,100
2015,6,17,NVAX,Sell,100
2015,7,27,NVAX,Buy,100
2015,8,11,NVAX,Sell,100
2015,8,20,NVAX,Buy,100
2015,11,30,NVAX,Sell,100
2015,12,11,NVAX,Buy,100
2013,1,30,OMER,Buy,100
2013,5,10,OMER,Sell,100
2013,6,4,OMER,Buy,100
2013,7,2,OMER,Sell,100
2013,7,26,OMER,Buy,100
2013,9,16,OMER,Sell,100
2013,10,21,OMER,Buy,100
2013,12,13,OMER,Sell,100
2014,1,24,OMER,Buy,100
2014,2,18,OMER,Sell,100
2014,3,7,OMER,Buy,100
2014,5,5,OMER,Sell,100
2014,5,9,OMER,Buy,100
2014,6,6,OMER,Sell,100
2014,7,8,OMER,Buy,100
2014,8,29,OMER,Sell,100
2014,9,15,OMER,Buy,100
2014,10,16,OMER,Sell,100
2014,10,21,OMER,Buy,100
2014,10,30,OMER,Sell,100
2014,12,15,OMER,Buy,100
2014,12,31,OMER,Sell,100
2015,1,15,OMER,Buy,100
2015,3,2,OMER,Sell,100
2015,3,24,OMER,Buy,100
2015,6,22,OMER,Sell,100
2015,6,26,OMER,Buy,100
2015,8,18,OMER,Sell,100
2015,8,25,OMER,Buy,100
2015,11,2,OMER,Sell,100
2015,12,9,OMER,Buy,100
2013,1,30,ONTY,Buy,100
2013,2,28,ONTY,Sell,100
2013,3,21,ONTY,Buy,100
2013,4,9,ONTY,Sell,100
2013,5,16,ONTY,Buy,100
2013,7,16,ONTY,Sell,100
2013,7,17,ONTY,Buy,100
2013,8,2,ONTY,Sell,100
2013,8,8,ONTY,Buy,100
2013,9,4,ONTY,Sell,100
2013,10,8,ONTY,Buy,100
2013,11,15,ONTY,Sell,100
2013,11,19,ONTY,Buy,100
2013,11,29,ONTY,Sell,100
2013,12,11,ONTY,Buy,100
2014,1,10,ONTY,Sell,100
2014,3,24,ONTY,Buy,100
2014,6,5,ONTY,Sell,100
2014,7,1,ONTY,Buy,100
2014,12,12,ONTY,Sell,100
2015,1,6,ONTY,Buy,100
2015,3,11,ONTY,Sell,100
2015,3,25,ONTY,Buy,100
2015,4,22,ONTY,Sell,100
2015,4,27,ONTY,Buy,100
2015,5,14,ONTY,Sell,100
2015,6,24,ONTY,Buy,100
2015,9,18,ONTY,Sell,100
2015,9,21,ONTY,Buy,100
2015,10,29,ONTY,Sell,100
2015,11,19,ONTY,Buy,100
2015,11,30,ONTY,Sell,100
2015,12,3,ONTY,Buy,100
2013,1,30,OREX,Buy,100
2013,3,4,OREX,Sell,100
2013,3,18,OREX,Buy,100
2013,4,23,OREX,Sell,100
2013,5,1,OREX,Buy,100
2013,5,23,OREX,Sell,100
2013,6,5,OREX,Buy,100
2013,7,19,OREX,Sell,100
2013,8,15,OREX,Buy,100
2013,11,25,OREX,Sell,100
2013,12,5,OREX,Buy,100
2014,1,8,OREX,Sell,100
2014,2,5,OREX,Buy,100
2014,2,18,OREX,Sell,100
2014,3,7,OREX,Buy,100
2014,3,18,OREX,Sell,100
2014,3,24,OREX,Buy,100
2014,5,27,OREX,Sell,100
2014,6,11,OREX,Buy,100
2014,8,13,OREX,Sell,100
2014,9,11,OREX,Buy,100
2014,10,16,OREX,Sell,100
2014,11,5,OREX,Buy,100
2014,11,10,OREX,Sell,100
2014,12,8,OREX,Buy,100
2014,12,17,OREX,Sell,100
2014,12,30,OREX,Buy,100
2015,2,17,OREX,Sell,100
2015,3,25,OREX,Buy,100
2015,10,15,OREX,Sell,100
2015,11,6,OREX,Buy,100
2013,1,30,OSIR,Buy,100
2013,3,12,OSIR,Sell,100
2013,4,1,OSIR,Buy,100
2013,4,26,OSIR,Sell,100
2013,5,1,OSIR,Buy,100
2013,7,12,OSIR,Sell,100
2013,8,5,OSIR,Buy,100
2013,8,13,OSIR,Sell,100
2013,9,5,OSIR,Buy,100
2013,10,2,OSIR,Sell,100
2013,10,8,OSIR,Buy,100
2014,1,21,OSIR,Sell,100
2014,1,27,OSIR,Buy,100
2014,5,9,OSIR,Sell,100
2014,6,2,OSIR,Buy,100
2014,7,2,OSIR,Sell,100
2014,7,8,OSIR,Buy,100
2014,10,24,OSIR,Sell,100
2014,11,13,OSIR,Buy,100
2014,12,17,OSIR,Sell,100
2015,1,28,OSIR,Buy,100
2015,2,25,OSIR,Sell,100
2015,3,25,OSIR,Buy,100
2015,5,13,OSIR,Sell,100
2015,6,29,OSIR,Buy,100
2015,7,14,OSIR,Sell,100
2015,8,4,OSIR,Buy,100
2015,9,8,OSIR,Sell,100
2015,9,25,OSIR,Buy,100
2015,10,28,OSIR,Sell,100
2015,10,29,OSIR,Buy,100
2015,11,2,OSIR,Sell,100
2015,11,6,OSIR,Buy,100
2015,12,22,OSIR,Sell,100
2013,1,31,PACB,Buy,100
2013,3,7,PACB,Sell,100
2013,3,14,PACB,Buy,100
2013,4,26,PACB,Sell,100
2013,5,17,PACB,Buy,100
2013,5,30,PACB,Sell,100
2013,6,20,PACB,Buy,100
2013,8,5,PACB,Sell,100
2013,9,3,PACB,Buy,100
2013,9,25,PACB,Sell,100
2013,10,22,PACB,Buy,100
2013,12,13,PACB,Sell,100
2014,1,3,PACB,Buy,100
2014,1,15,PACB,Sell,100
2014,2,5,PACB,Buy,100
2014,5,1,PACB,Sell,100
2014,5,7,PACB,Buy,100
2014,5,29,PACB,Sell,100
2014,7,7,PACB,Buy,100
2014,8,29,PACB,Sell,100
2014,9,12,PACB,Buy,100
2014,10,16,PACB,Sell,100
2014,12,1,PACB,Buy,100
2014,12,18,PACB,Sell,100
2015,1,15,PACB,Buy,100
2015,4,15,PACB,Sell,100
2015,4,22,PACB,Buy,100
2015,10,1,PACB,Sell,100
2015,10,27,PACB,Buy,100
2015,11,18,PACB,Sell,100
2013,2,7,PCRX,Buy,100
2013,2,27,PCRX,Sell,100
2013,4,3,PCRX,Buy,100
2013,7,15,PCRX,Sell,100
2013,8,30,PCRX,Buy,100
2013,9,4,PCRX,Sell,100
2013,10,23,PCRX,Buy,100
2013,11,15,PCRX,Sell,100
2013,12,4,PCRX,Buy,100
2014,1,9,PCRX,Sell,100
2014,1,29,PCRX,Buy,100
2014,2,13,PCRX,Sell,100
2014,3,12,PCRX,Buy,100
2014,6,3,PCRX,Sell,100
2014,7,8,PCRX,Buy,100
2014,7,31,PCRX,Sell,100
2014,9,3,PCRX,Buy,100
2014,10,24,PCRX,Sell,100
2014,10,30,PCRX,Buy,100
2014,11,24,PCRX,Sell,100
2014,12,10,PCRX,Buy,100
2015,1,20,PCRX,Sell,100
2015,3,2,PCRX,Buy,100
2015,4,15,PCRX,Sell,100
2015,4,16,PCRX,Buy,100
2015,9,15,PCRX,Sell,100
2015,9,22,PCRX,Buy,100
2015,10,27,PCRX,Sell,100
2013,1,30,PDLI,Buy,100
2013,2,26,PDLI,Sell,100
2013,6,4,PDLI,Buy,100
2013,8,2,PDLI,Sell,100
2013,8,8,PDLI,Buy,100
2013,8,12,PDLI,Sell,100
2013,8,15,PDLI,Buy,100
2013,9,18,PDLI,Sell,100
2013,10,3,PDLI,Buy,100
2013,11,11,PDLI,Sell,100
2013,12,3,PDLI,Buy,100
2014,1,10,PDLI,Sell,100
2014,2,3,PDLI,Buy,100
2014,4,22,PDLI,Sell,100
2014,5,8,PDLI,Buy,100
2014,5,14,PDLI,Sell,100
2014,7,7,PDLI,Buy,100
2014,8,20,PDLI,Sell,100
2014,9,9,PDLI,Buy,100
2014,10,16,PDLI,Sell,100
2014,11,7,PDLI,Buy,100
2013,1,30,PGNX,Buy,100
2013,3,6,PGNX,Sell,100
2013,4,11,PGNX,Buy,100
2013,6,11,PGNX,Sell,100
2013,6,20,PGNX,Buy,100
2013,7,11,PGNX,Sell,100
2013,8,2,PGNX,Buy,100
2013,11,21,PGNX,Sell,100
2013,12,10,PGNX,Buy,100
2013,12,24,PGNX,Sell,100
2014,1,28,PGNX,Buy,100
2014,5,27,PGNX,Sell,100
2014,6,3,PGNX,Buy,100
2014,6,12,PGNX,Sell,100
2014,7,8,PGNX,Buy,100
2014,7,18,PGNX,Sell,100
2014,8,1,PGNX,Buy,100
2014,11,7,PGNX,Sell,100
2014,12,22,PGNX,Buy,100
2014,12,31,PGNX,Sell,100
2015,1,6,PGNX,Buy,100
2015,2,25,PGNX,Sell,100
2015,3,16,PGNX,Buy,100
2015,4,15,PGNX,Sell,100
2015,4,24,PGNX,Buy,100
2015,6,3,PGNX,Sell,100
2015,6,29,PGNX,Buy,100
2015,7,14,PGNX,Sell,100
2015,8,6,PGNX,Buy,100
2015,10,23,PGNX,Sell,100
2015,11,11,PGNX,Buy,100
2013,1,30,PRTA,Buy,100
2013,2,4,PRTA,Sell,100
2013,2,11,PRTA,Buy,100
2013,4,9,PRTA,Sell,100
2013,5,8,PRTA,Buy,100
2013,5,16,PRTA,Sell,100
2013,6,5,PRTA,Buy,100
2013,6,18,PRTA,Sell,100
2013,8,8,PRTA,Buy,100
2013,8,23,PRTA,Sell,100
2013,9,18,PRTA,Buy,100
2013,10,2,PRTA,Sell,100
2013,10,11,PRTA,Buy,100
2013,11,13,PRTA,Sell,100
2013,12,20,PRTA,Buy,100
2014,1,29,PRTA,Sell,100
2014,2,6,PRTA,Buy,100
2014,2,25,PRTA,Sell,100
2014,3,24,PRTA,Buy,100
2014,6,9,PRTA,Sell,100
2014,6,25,PRTA,Buy,100
2014,8,11,PRTA,Sell,100
2014,9,15,PRTA,Buy,100
2014,11,10,PRTA,Sell,100
2014,12,1,PRTA,Buy,100
2015,1,26,PRTA,Sell,100
2015,2,4,PRTA,Buy,100
2015,2,19,PRTA,Sell,100
2015,4,15,PRTA,Buy,100
2015,5,29,PRTA,Sell,100
2015,7,8,PRTA,Buy,100
2015,7,16,PRTA,Sell,100
2015,8,10,PRTA,Buy,100
2015,10,27,PRTA,Sell,100
2015,12,3,PRTA,Buy,100
2013,3,4,QGEN,Buy,100
2013,6,17,QGEN,Sell,100
2013,8,15,QGEN,Buy,100
2013,10,1,QGEN,Sell,100
2013,10,4,QGEN,Buy,100
2013,10,30,QGEN,Sell,100
2013,11,29,QGEN,Buy,100
2014,1,8,QGEN,Sell,100
2014,1,24,QGEN,Buy,100
2014,4,29,QGEN,Sell,100
2014,7,17,QGEN,Buy,100
2014,7,18,QGEN,Sell,100
2014,7,30,QGEN,Buy,100
2014,11,24,QGEN,Sell,100
2014,12,9,QGEN,Buy,100
2015,3,20,QGEN,Sell,100
2015,3,26,QGEN,Buy,100
2015,7,10,QGEN,Sell,100
2015,8,7,QGEN,Buy,100
2015,9,17,QGEN,Sell,100
2015,9,24,QGEN,Buy,100
2015,11,18,QGEN,Sell,100
2015,12,3,QGEN,Buy,100
2013,1,30,REGN,Buy,100
2013,3,28,REGN,Sell,100
2013,5,23,REGN,Buy,100
2013,7,11,REGN,Sell,100
2013,8,6,REGN,Buy,100
2013,9,4,REGN,Sell,100
2013,10,8,REGN,Buy,100
2014,1,14,REGN,Sell,100
2014,1,24,REGN,Buy,100
2014,2,11,REGN,Sell,100
2014,3,7,REGN,Buy,100
2014,5,27,REGN,Sell,100
2014,6,17,REGN,Buy,100
2014,7,30,REGN,Sell,100
2014,9,9,REGN,Buy,100
2014,10,21,REGN,Sell,100
2014,11,5,REGN,Buy,100
2014,12,8,REGN,Sell,100
2014,12,15,REGN,Buy,100
2015,3,16,REGN,Sell,100
2015,4,1,REGN,Buy,100
2015,4,22,REGN,Sell,100
2015,4,30,REGN,Buy,100
2015,5,18,REGN,Sell,100
2015,6,11,REGN,Buy,100
2015,7,13,REGN,Sell,100
2015,8,20,REGN,Buy,100
2015,10,27,REGN,Sell,100
2015,11,13,REGN,Buy,100
2013,1,30,RGEN,Buy,100
2013,3,26,RGEN,Sell,100
2013,5,1,RGEN,Buy,100
2013,5,8,RGEN,Sell,100
2013,5,14,RGEN,Buy,100
2013,7,1,RGEN,Sell,100
2013,8,6,RGEN,Buy,100
2013,9,24,RGEN,Sell,100
2013,10,8,RGEN,Buy,100
2013,11,1,RGEN,Sell,100
2013,12,5,RGEN,Buy,100
2013,12,31,RGEN,Sell,100
2014,1,2,RGEN,Buy,100
2014,1,22,RGEN,Sell,100
2014,2,28,RGEN,Buy,100
2014,4,17,RGEN,Sell,100
2014,7,16,RGEN,Buy,100
2014,10,1,RGEN,Sell,100
2014,11,6,RGEN,Buy,100
2015,1,8,RGEN,Sell,100
2015,2,2,RGEN,Buy,100
2015,3,12,RGEN,Sell,100
2015,4,6,RGEN,Buy,100
2015,4,23,RGEN,Sell,100
2015,4,29,RGEN,Buy,100
2015,5,7,RGEN,Sell,100
2015,6,4,RGEN,Buy,100
2015,9,15,RGEN,Sell,100
2015,9,22,RGEN,Buy,100
2015,12,16,RGEN,Sell,100
2013,2,11,RGLS,Buy,100
2013,3,8,RGLS,Sell,100
2013,4,4,RGLS,Buy,100
2013,5,29,RGLS,Sell,100
2013,6,26,RGLS,Buy,100
2013,7,5,RGLS,Sell,100
2013,7,17,RGLS,Buy,100
2013,10,7,RGLS,Sell,100
2013,10,8,RGLS,Buy,100
2013,12,16,RGLS,Sell,100
2014,1,9,RGLS,Buy,100
2014,1,16,RGLS,Sell,100
2014,3,7,RGLS,Buy,100
2014,6,9,RGLS,Sell,100
2014,7,7,RGLS,Buy,100
2014,9,8,RGLS,Sell,100
2014,9,19,RGLS,Buy,100
2014,10,22,RGLS,Sell,100
2014,11,14,RGLS,Buy,100
2015,1,8,RGLS,Sell,100
2015,1,28,RGLS,Buy,100
2015,3,5,RGLS,Sell,100
2015,3,18,RGLS,Buy,100
2015,4,23,RGLS,Sell,100
2015,4,27,RGLS,Buy,100
2015,5,27,RGLS,Sell,100
2015,6,2,RGLS,Buy,100
2015,6,30,RGLS,Sell,100
2015,7,2,RGLS,Buy,100
2015,8,28,RGLS,Sell,100
2015,9,22,RGLS,Buy,100
2015,11,3,RGLS,Sell,100
2015,12,3,RGLS,Buy,100
2013,1,30,RIGL,Buy,100
2013,2,14,RIGL,Sell,100
2013,3,13,RIGL,Buy,100
2013,8,1,RIGL,Sell,100
2013,8,15,RIGL,Buy,100
2013,12,31,RIGL,Sell,100
2014,1,27,RIGL,Buy,100
2014,2,21,RIGL,Sell,100
2014,3,24,RIGL,Buy,100
2014,6,5,RIGL,Sell,100
2014,6,25,RIGL,Buy,100
2014,11,26,RIGL,Sell,100
2014,12,15,RIGL,Buy,100
2015,2,6,RIGL,Sell,100
2015,3,24,RIGL,Buy,100
2015,4,8,RIGL,Sell,100
2015,5,5,RIGL,Buy,100
2015,9,11,RIGL,Sell,100
2015,9,22,RIGL,Buy,100
2015,12,1,RIGL,Sell,100
2015,12,7,RIGL,Buy,100
2015,12,16,RIGL,Sell,100
2015,12,23,RIGL,Buy,100
2013,1,30,RPTP,Buy,100
2013,3,8,RPTP,Sell,100
2013,4,9,RPTP,Buy,100
2013,4,22,RPTP,Sell,100
2013,5,7,RPTP,Buy,100
2013,5,29,RPTP,Sell,100
2013,6,20,RPTP,Buy,100
2013,6,26,RPTP,Sell,100
2013,7,24,RPTP,Buy,100
2013,8,14,RPTP,Sell,100
2013,9,23,RPTP,Buy,100
2013,9,30,RPTP,Sell,100
2013,10,8,RPTP,Buy,100
2014,1,10,RPTP,Sell,100
2014,2,5,RPTP,Buy,100
2014,2,20,RPTP,Sell,100
2014,3,6,RPTP,Buy,100
2014,5,19,RPTP,Sell,100
2014,5,30,RPTP,Buy,100
2014,6,6,RPTP,Sell,100
2014,7,7,RPTP,Buy,100
2014,8,8,RPTP,Sell,100
2014,9,5,RPTP,Buy,100
2014,12,29,RPTP,Sell,100
2015,1,15,RPTP,Buy,100
2015,2,20,RPTP,Sell,100
2015,2,27,RPTP,Buy,100
2015,3,4,RPTP,Sell,100
2015,3,31,RPTP,Buy,100
2015,6,5,RPTP,Sell,100
2015,7,6,RPTP,Buy,100
2015,11,6,RPTP,Sell,100
2015,12,1,RPTP,Buy,100
2013,1,30,RTRX,Buy,100
2013,2,21,RTRX,Sell,100
2013,3,12,RTRX,Buy,100
2013,4,15,RTRX,Sell,100
2013,5,16,RTRX,Buy,100
2013,9,10,RTRX,Sell,100
2013,9,24,RTRX,Buy,100
2013,10,23,RTRX,Sell,100
2013,11,12,RTRX,Buy,100
2013,11,25,RTRX,Sell,100
2013,12,17,RTRX,Buy,100
2014,1,13,RTRX,Sell,100
2014,2,3,RTRX,Buy,100
2014,2,13,RTRX,Sell,100
2014,3,13,RTRX,Buy,100
2014,3,25,RTRX,Sell,100
2014,4,4,RTRX,Buy,100
2014,7,1,RTRX,Sell,100
2014,7,8,RTRX,Buy,100
2014,8,8,RTRX,Sell,100
2014,9,9,RTRX,Buy,100
2014,11,10,RTRX,Sell,100
2014,11,14,RTRX,Buy,100
2014,12,17,RTRX,Sell,100
2015,1,21,RTRX,Buy,100
2015,2,18,RTRX,Sell,100
2015,4,27,RTRX,Buy,100
2015,5,11,RTRX,Sell,100
2015,6,29,RTRX,Buy,100
2015,7,13,RTRX,Sell,100
2015,7,24,RTRX,Buy,100
2015,11,2,RTRX,Sell,100
2015,11,4,RTRX,Buy,100
2015,11,25,RTRX,Sell,100
2015,12,9,RTRX,Buy,100
2013,2,4,SCLN,Buy,100
2013,4,24,SCLN,Sell,100
2013,5,1,SCLN,Buy,100
2013,5,14,SCLN,Sell,100
2013,5,22,SCLN,Buy,100
2013,6,27,SCLN,Sell,100
2013,8,7,SCLN,Buy,100
2013,11,27,SCLN,Sell,100
2013,12,4,SCLN,Buy,100
2013,12,20,SCLN,Sell,100
2014,1,24,SCLN,Buy,100
2014,5,12,SCLN,Sell,100
2014,6,16,SCLN,Buy,100
2014,7,1,SCLN,Sell,100
2014,7,8,SCLN,Buy,100
2014,8,12,SCLN,Sell,100
2014,9,19,SCLN,Buy,100
2014,10,13,SCLN,Sell,100
2014,11,3,SCLN,Buy,100
2014,11,11,SCLN,Sell,100
2014,12,4,SCLN,Buy,100
2014,12,9,SCLN,Sell,100
2014,12,11,SCLN,Buy,100
2015,3,4,SCLN,Sell,100
2015,4,16,SCLN,Buy,100
2015,5,12,SCLN,Sell,100
2015,6,4,SCLN,Buy,100
2015,6,30,SCLN,Sell,100
2015,7,9,SCLN,Buy,100
2015,10,19,SCLN,Sell,100
2015,12,7,SCLN,Buy,100
2013,2,6,SCMP,Buy,100
2013,3,19,SCMP,Sell,100
2013,5,21,SCMP,Buy,100
2013,9,27,SCMP,Sell,100
2013,10,30,SCMP,Buy,100
2013,11,19,SCMP,Sell,100
2013,12,10,SCMP,Buy,100
2013,12,16,SCMP,Sell,100
2014,1,27,SCMP,Buy,100
2014,2,27,SCMP,Sell,100
2014,3,6,SCMP,Buy,100
2014,5,7,SCMP,Sell,100
2014,5,9,SCMP,Buy,100
2014,5,22,SCMP,Sell,100
2014,6,23,SCMP,Buy,100
2014,8,11,SCMP,Sell,100
2014,9,3,SCMP,Buy,100
2014,10,3,SCMP,Sell,100
2014,10,9,SCMP,Buy,100
2014,10,10,SCMP,Sell,100
2014,12,15,SCMP,Buy,100
2015,1,20,SCMP,Sell,100
2015,2,2,SCMP,Buy,100
2015,3,9,SCMP,Sell,100
2015,3,26,SCMP,Buy,100
2015,7,10,SCMP,Sell,100
2015,8,24,SCMP,Buy,100
2015,8,27,SCMP,Sell,100
2015,9,3,SCMP,Buy,100
2015,9,17,SCMP,Sell,100
2015,9,22,SCMP,Buy,100
2015,11,3,SCMP,Sell,100
2015,11,4,SCMP,Buy,100
2013,2,11,SGEN,Buy,100
2013,3,13,SGEN,Sell,100
2013,4,18,SGEN,Buy,100
2013,4,22,SGEN,Sell,100
2013,5,1,SGEN,Buy,100
2013,7,9,SGEN,Sell,100
2013,8,16,SGEN,Buy,100
2013,9,4,SGEN,Sell,100
2013,9,23,SGEN,Buy,100
2013,12,5,SGEN,Sell,100
2013,12,9,SGEN,Buy,100
2014,1,9,SGEN,Sell,100
2014,2,3,SGEN,Buy,100
2014,2,12,SGEN,Sell,100
2014,3,10,SGEN,Buy,100
2014,6,5,SGEN,Sell,100
2014,6,27,SGEN,Buy,100
2014,8,5,SGEN,Sell,100
2014,9,4,SGEN,Buy,100
2014,11,12,SGEN,Sell,100
2014,11,14,SGEN,Buy,100
2015,2,18,SGEN,Sell,100
2015,3,25,SGEN,Buy,100
2015,5,8,SGEN,Sell,100
2015,6,29,SGEN,Buy,100
2015,7,17,SGEN,Sell,100
2015,7,24,SGEN,Buy,100
2015,9,15,SGEN,Sell,100
2015,9,24,SGEN,Buy,100
2015,10,26,SGEN,Sell,100
2015,11,23,SGEN,Buy,100
2015,12,23,SGEN,Sell,100
2013,2,7,SGMO,Buy,100
2013,2,28,SGMO,Sell,100
2013,3,12,SGMO,Buy,100
2013,4,9,SGMO,Sell,100
2013,4,18,SGMO,Buy,100
2013,7,5,SGMO,Sell,100
2013,8,12,SGMO,Buy,100
2013,8,14,SGMO,Sell,100
2013,8,15,SGMO,Buy,100
2013,9,9,SGMO,Sell,100
2013,9,20,SGMO,Buy,100
2013,10,1,SGMO,Sell,100
2013,10,9,SGMO,Buy,100
2013,11,22,SGMO,Sell,100
2014,2,5,SGMO,Buy,100
2014,3,6,SGMO,Sell,100
2014,3,21,SGMO,Buy,100
2014,6,5,SGMO,Sell,100
2014,6,27,SGMO,Buy,100
2014,8,11,SGMO,Sell,100
2014,8,21,SGMO,Buy,100
2014,10,27,SGMO,Sell,100
2014,11,14,SGMO,Buy,100
2014,12,9,SGMO,Sell,100
2015,1,13,SGMO,Buy,100
2015,2,12,SGMO,Sell,100
2015,3,18,SGMO,Buy,100
2015,3,19,SGMO,Sell,100
2015,3,23,SGMO,Buy,100
2015,10,23,SGMO,Sell,100
2015,11,16,SGMO,Buy,100
2015,11,30,SGMO,Sell,100
2013,1,30,SGNT,Buy,100
2013,5,22,SGNT,Sell,100
2013,7,30,SGNT,Buy,100
2013,8,8,SGNT,Sell,100
2013,8,16,SGNT,Buy,100
2013,10,22,SGNT,Sell,100
2013,11,19,SGNT,Buy,100
2013,12,16,SGNT,Sell,100
2014,1,7,SGNT,Buy,100
2014,2,19,SGNT,Sell,100
2014,4,4,SGNT,Buy,100
2014,5,23,SGNT,Sell,100
2014,7,16,SGNT,Buy,100
2014,8,22,SGNT,Sell,100
2014,10,30,SGNT,Buy,100
2015,2,10,SGNT,Sell,100
2015,3,3,SGNT,Buy,100
2015,6,8,SGNT,Sell,100
2015,6,15,SGNT,Buy,100
2015,6,19,SGNT,Sell,100
2015,6,29,SGNT,Buy,100
2015,12,17,SGNT,Sell,100
2013,1,30,SGYP,Buy,100
2013,4,2,SGYP,Sell,100
2013,4,10,SGYP,Buy,100
2013,8,5,SGYP,Sell,100
2013,8,7,SGYP,Buy,100
2013,9,9,SGYP,Sell,100
2013,9,27,SGYP,Buy,100
2013,11,15,SGYP,Sell,100
2013,12,9,SGYP,Buy,100
2013,12,23,SGYP,Sell,100
2014,1,23,SGYP,Buy,100
2014,2,20,SGYP,Sell,100
2014,3,17,SGYP,Buy,100
2014,8,26,SGYP,Sell,100
2014,9,5,SGYP,Buy,100
2014,10,28,SGYP,Sell,100
2014,11,13,SGYP,Buy,100
2014,12,19,SGYP,Sell,100
2014,12,23,SGYP,Buy,100
2015,3,2,SGYP,Sell,100
2015,4,20,SGYP,Buy,100
2015,5,21,SGYP,Sell,100
2015,7,20,SGYP,Buy,100
2013,2,11,SHPG,Buy,100
2013,4,25,SHPG,Sell,100
2013,5,2,SHPG,Buy,100
2013,7,11,SHPG,Sell,100
2013,8,27,SHPG,Buy,100
2013,9,9,SHPG,Sell,100
2013,10,3,SHPG,Buy,100
2013,10,24,SHPG,Sell,100
2013,11,20,SHPG,Buy,100
2014,1,14,SHPG,Sell,100
2014,2,3,SHPG,Buy,100
2014,2,6,SHPG,Sell,100
2014,3,6,SHPG,Buy,100
2014,4,22,SHPG,Sell,100
2014,5,15,SHPG,Buy,100
2014,6,16,SHPG,Sell,100
2014,7,31,SHPG,Buy,100
2014,9,9,SHPG,Sell,100
2014,9,23,SHPG,Buy,100
2014,11,20,SHPG,Sell,100
2014,12,9,SHPG,Buy,100
2014,12,18,SHPG,Sell,100
2014,12,23,SHPG,Buy,100
2015,2,3,SHPG,Sell,100
2015,2,9,SHPG,Buy,100
2015,2,12,SHPG,Sell,100
2015,3,25,SHPG,Buy,100
2015,10,27,SHPG,Sell,100
2015,11,9,SHPG,Buy,100
2013,1,30,SPPI,Buy,100
2013,3,12,SPPI,Sell,100
2013,3,13,SPPI,Buy,100
2013,4,11,SPPI,Sell,100
2013,4,15,SPPI,Buy,100
2013,4,25,SPPI,Sell,100
2013,5,1,SPPI,Buy,100
2013,5,13,SPPI,Sell,100
2013,6,5,SPPI,Buy,100
2013,7,15,SPPI,Sell,100
2013,7,30,SPPI,Buy,100
2013,9,18,SPPI,Sell,100
2013,10,9,SPPI,Buy,100
2013,11,4,SPPI,Sell,100
2013,12,4,SPPI,Buy,100
2014,1,15,SPPI,Sell,100
2014,1,27,SPPI,Buy,100
2014,5,9,SPPI,Sell,100
2014,6,20,SPPI,Buy,100
2014,8,8,SPPI,Sell,100
2014,9,16,SPPI,Buy,100
2015,2,13,SPPI,Sell,100
2015,2,23,SPPI,Buy,100
2015,3,19,SPPI,Sell,100
2015,3,20,SPPI,Buy,100
2015,5,12,SPPI,Sell,100
2015,5,28,SPPI,Buy,100
2015,6,22,SPPI,Sell,100
2015,6,29,SPPI,Buy,100
2015,11,23,SPPI,Sell,100
2015,12,11,SPPI,Buy,100
2013,1,30,SQNM,Buy,100
2013,2,8,SQNM,Sell,100
2013,2,15,SQNM,Buy,100
2013,5,10,SQNM,Sell,100
2013,6,5,SQNM,Buy,100
2013,6,13,SQNM,Sell,100
2013,6,20,SQNM,Buy,100
2013,7,15,SQNM,Sell,100
2013,7,25,SQNM,Buy,100
2013,8,22,SQNM,Sell,100
2013,8,27,SQNM,Buy,100
2014,1,9,SQNM,Sell,100
2014,1,23,SQNM,Buy,100
2014,2,27,SQNM,Sell,100
2014,3,7,SQNM,Buy,100
2014,3,21,SQNM,Sell,100
2014,3,28,SQNM,Buy,100
2014,4,16,SQNM,Sell,100
2014,5,8,SQNM,Buy,100
2014,5,27,SQNM,Sell,100
2014,7,15,SQNM,Buy,100
2014,8,11,SQNM,Sell,100
2014,8,21,SQNM,Buy,100
2014,10,16,SQNM,Sell,100
2014,10,22,SQNM,Buy,100
2014,12,3,SQNM,Sell,100
2014,12,30,SQNM,Buy,100
2015,3,16,SQNM,Sell,100
2015,5,7,SQNM,Buy,100
2015,7,13,SQNM,Sell,100
2015,7,22,SQNM,Buy,100
2015,9,17,SQNM,Sell,100
2015,9,21,SQNM,Buy,100
2013,2,14,SRPT,Buy,100
2013,2,27,SRPT,Sell,100
2013,4,16,SRPT,Buy,100
2013,5,17,SRPT,Sell,100
2013,5,31,SRPT,Buy,100
2013,7,5,SRPT,Sell,100
2013,7,24,SRPT,Buy,100
2013,9,20,SRPT,Sell,100
2013,10,9,SRPT,Buy,100
2013,12,12,SRPT,Sell,100
2014,1,6,SRPT,Buy,100
2014,1,16,SRPT,Sell,100
2014,2,3,SRPT,Buy,100
2014,2,24,SRPT,Sell,100
2014,3,7,SRPT,Buy,100
2014,4,21,SRPT,Sell,100
2014,5,8,SRPT,Buy,100
2015,2,17,SRPT,Sell,100
2015,3,2,SRPT,Buy,100
2015,4,6,SRPT,Sell,100
2015,4,13,SRPT,Buy,100
2015,5,6,SRPT,Sell,100
2015,6,29,SRPT,Buy,100
2015,8,13,SRPT,Sell,100
2015,8,24,SRPT,Buy,100
2015,9,15,SRPT,Sell,100
2015,9,25,SRPT,Buy,100
2015,11,17,SRPT,Sell,100
2015,12,17,SRPT,Buy,100
2015,12,29,SRPT,Sell,100
2013,2,8,SUPN,Buy,100
2013,3,7,SUPN,Sell,100
2013,3,12,SUPN,Buy,100
2013,5,16,SUPN,Sell,100
2013,6,12,SUPN,Buy,100
2013,7,24,SUPN,Sell,100
2013,8,2,SUPN,Buy,100
2013,9,23,SUPN,Sell,100
2013,10,9,SUPN,Buy,100
2013,11,13,SUPN,Sell,100
2013,12,3,SUPN,Buy,100
2013,12,24,SUPN,Sell,100
2014,2,12,SUPN,Buy,100
2014,2,27,SUPN,Sell,100
2014,3,7,SUPN,Buy,100
2014,5,20,SUPN,Sell,100
2014,7,7,SUPN,Buy,100
2014,11,12,SUPN,Sell,100
2014,12,10,SUPN,Buy,100
2015,2,25,SUPN,Sell,100
2015,4,30,SUPN,Buy,100
2015,5,29,SUPN,Sell,100
2015,7,9,SUPN,Buy,100
2015,7,13,SUPN,Sell,100
2015,8,5,SUPN,Buy,100
2015,9,2,SUPN,Sell,100
2015,9,23,SUPN,Buy,100
2013,2,5,TECH,Buy,100
2013,5,8,TECH,Sell,100
2013,5,29,TECH,Buy,100
2013,6,18,TECH,Sell,100
2013,8,6,TECH,Buy,100
2013,8,7,TECH,Sell,100
2013,8,15,TECH,Buy,100
2013,9,20,TECH,Sell,100
2013,10,7,TECH,Buy,100
2013,10,17,TECH,Sell,100
2013,11,7,TECH,Buy,100
2013,12,16,TECH,Sell,100
2014,1,22,TECH,Buy,100
2014,4,28,TECH,Sell,100
2014,5,15,TECH,Buy,100
2014,6,20,TECH,Sell,100
2014,7,10,TECH,Buy,100
2014,8,14,TECH,Sell,100
2014,8,27,TECH,Buy,100
2014,12,12,TECH,Sell,100
2014,12,16,TECH,Buy,100
2014,12,18,TECH,Sell,100
2015,1,2,TECH,Buy,100
2015,2,17,TECH,Sell,100
2015,3,10,TECH,Buy,100
2015,3,19,TECH,Sell,100
2015,4,2,TECH,Buy,100
2015,4,20,TECH,Sell,100
2015,4,27,TECH,Buy,100
2015,7,14,TECH,Sell,100
2015,8,12,TECH,Buy,100
2015,11,27,TECH,Sell,100
2015,12,9,TECH,Buy,100
2013,2,11,THRX,Buy,100
2013,3,4,THRX,Sell,100
2013,3,22,THRX,Buy,100
2013,4,15,THRX,Sell,100
2013,5,9,THRX,Buy,100
2013,5,13,THRX,Sell,100
2013,5,28,THRX,Buy,100
2013,6,21,THRX,Sell,100
2013,7,18,THRX,Buy,100
2013,9,11,THRX,Sell,100
2013,10,3,THRX,Buy,100
2014,1,10,THRX,Sell,100
2014,1,27,THRX,Buy,100
2014,2,14,THRX,Sell,100
2014,2,28,THRX,Buy,100
2014,5,14,THRX,Sell,100
2014,5,20,THRX,Buy,100
2014,6,4,THRX,Sell,100
2014,7,10,THRX,Buy,100
2015,2,9,THRX,Sell,100
2015,3,13,THRX,Buy,100
2015,6,5,THRX,Sell,100
2015,6,29,THRX,Buy,100
2015,9,2,THRX,Sell,100
2015,9,8,THRX,Buy,100
2015,11,30,THRX,Sell,100
2013,2,21,TSRO,Buy,100
2013,3,1,TSRO,Sell,100
2013,3,25,TSRO,Buy,100
2013,4,26,TSRO,Sell,100
2013,6,18,TSRO,Buy,100
2013,7,17,TSRO,Sell,100
2013,7,24,TSRO,Buy,100
2013,9,9,TSRO,Sell,100
2013,9,27,TSRO,Buy,100
2014,1,21,TSRO,Sell,100
2014,2,3,TSRO,Buy,100
2014,3,13,TSRO,Sell,100
2014,3,24,TSRO,Buy,100
2014,5,12,TSRO,Sell,100
2014,5,21,TSRO,Buy,100
2014,7,1,TSRO,Sell,100
2014,7,11,TSRO,Buy,100
2014,8,14,TSRO,Sell,100
2014,9,5,TSRO,Buy,100
2014,11,18,TSRO,Sell,100
2015,1,15,TSRO,Buy,100
2015,2,20,TSRO,Sell,100
2015,3,25,TSRO,Buy,100
2015,4,16,TSRO,Sell,100
2015,4,30,TSRO,Buy,100
2015,6,1,TSRO,Sell,100
2015,6,11,TSRO,Buy,100
2015,7,15,TSRO,Sell,100
2015,7,29,TSRO,Buy,100
2015,9,8,TSRO,Sell,100
2015,9,22,TSRO,Buy,100
2015,10,28,TSRO,Sell,100
2015,11,19,TSRO,Buy,100
2015,12,1,TSRO,Sell,100
2015,12,11,TSRO,Buy,100
2013,2,21,USD,Buy,100
2013,6,3,USD,Sell,100
2013,6,6,USD,Buy,100
2013,6,18,USD,Sell,100
2013,6,20,USD,Buy,100
2013,9,10,USD,Sell,100
2013,10,3,USD,Buy,100
2013,10,17,USD,Sell,100
2013,10,23,USD,Buy,100
2013,12,6,USD,Sell,100
2013,12,12,USD,Buy,100
2013,12,23,USD,Sell,100
2014,1,24,USD,Buy,100
2014,3,20,USD,Sell,100
2014,3,27,USD,Buy,100
2014,4,1,USD,Sell,100
2014,4,7,USD,Buy,100
2014,5,23,USD,Sell,100
2014,7,25,USD,Buy,100
2014,8,20,USD,Sell,100
2014,9,12,USD,Buy,100
2014,11,24,USD,Sell,100
2014,12,12,USD,Buy,100
2015,5,20,USD,Sell,100
2015,6,8,USD,Buy,100
2015,12,1,USD,Sell,100
2015,12,11,USD,Buy,100
2013,3,22,UTHR,Buy,100
2013,4,24,UTHR,Sell,100
2013,5,24,UTHR,Buy,100
2013,7,31,UTHR,Sell,100
2013,8,14,UTHR,Buy,100
2013,9,9,UTHR,Sell,100
2013,10,21,UTHR,Buy,100
2013,10,29,UTHR,Sell,100
2013,12,4,UTHR,Buy,100
2013,12,23,UTHR,Sell,100
2014,1,24,UTHR,Buy,100
2014,2,20,UTHR,Sell,100
2014,2,25,UTHR,Buy,100
2014,5,1,UTHR,Sell,100
2014,5,20,UTHR,Buy,100
2014,7,29,UTHR,Sell,100
2014,7,31,UTHR,Buy,100
2014,8,29,UTHR,Sell,100
2014,10,6,UTHR,Buy,100
2015,1,15,UTHR,Sell,100
2015,4,27,UTHR,Buy,100
2015,10,27,UTHR,Sell,100
2015,12,11,UTHR,Buy,100
2013,1,31,VNDA,Buy,100
2013,3,25,VNDA,Sell,100
2013,6,19,VNDA,Buy,100
2013,7,30,VNDA,Sell,100
2013,8,21,VNDA,Buy,100
2013,9,18,VNDA,Sell,100
2013,9,25,VNDA,Buy,100
2013,11,12,VNDA,Sell,100
2013,12,4,VNDA,Buy,100
2014,3,13,VNDA,Sell,100
2014,3,25,VNDA,Buy,100
2014,6,4,VNDA,Sell,100
2014,7,7,VNDA,Buy,100
2014,10,28,VNDA,Sell,100
2014,11,17,VNDA,Buy,100
2014,11,24,VNDA,Sell,100
2014,12,4,VNDA,Buy,100
2014,12,23,VNDA,Sell,100
2015,1,9,VNDA,Buy,100
2015,2,17,VNDA,Sell,100
2015,2,19,VNDA,Buy,100
2015,4,15,VNDA,Sell,100
2015,4,27,VNDA,Buy,100
2015,5,20,VNDA,Sell,100
2015,6,26,VNDA,Buy,100
2015,9,8,VNDA,Sell,100
2015,9,25,VNDA,Buy,100
2013,1,30,VRTX,Buy,100
2013,2,27,VRTX,Sell,100
2013,4,3,VRTX,Buy,100
2013,4,19,VRTX,Sell,100
2013,5,16,VRTX,Buy,100
2013,5,30,VRTX,Sell,100
2013,6,4,VRTX,Buy,100
2013,6,7,VRTX,Sell,100
2013,6,17,VRTX,Buy,100
2013,7,11,VRTX,Sell,100
2013,7,26,VRTX,Buy,100
2013,9,9,VRTX,Sell,100
2013,9,16,VRTX,Buy,100
2013,12,20,VRTX,Sell,100
2014,1,31,VRTX,Buy,100
2014,5,22,VRTX,Sell,100
2014,6,16,VRTX,Buy,100
2014,6,24,VRTX,Sell,100
2014,7,24,VRTX,Buy,100
2014,9,18,VRTX,Sell,100
2014,10,7,VRTX,Buy,100
2014,10,28,VRTX,Sell,100
2014,11,14,VRTX,Buy,100
2015,3,5,VRTX,Sell,100
2015,3,24,VRTX,Buy,100
2015,6,23,VRTX,Sell,100
2015,6,29,VRTX,Buy,100
2015,10,27,VRTX,Sell,100
2015,11,11,VRTX,Buy,100
2015,11,18,VRTX,Sell,100
2015,12,3,VRTX,Buy,100
2013,1,30,XNPT,Buy,100
2013,2,5,XNPT,Sell,100
2013,2,7,XNPT,Buy,100
2013,3,8,XNPT,Sell,100
2013,3,12,XNPT,Buy,100
2013,4,19,XNPT,Sell,100
2013,4,24,XNPT,Buy,100
2013,7,11,XNPT,Sell,100
2013,7,31,XNPT,Buy,100
2013,9,10,XNPT,Sell,100
2013,10,8,XNPT,Buy,100
2013,10,15,XNPT,Sell,100
2013,10,21,XNPT,Buy,100
2013,12,23,XNPT,Sell,100
2014,1,22,XNPT,Buy,100
2014,2,24,XNPT,Sell,100
2014,3,6,XNPT,Buy,100
2014,5,28,XNPT,Sell,100
2014,7,7,XNPT,Buy,100
2014,8,8,XNPT,Sell,100
2014,10,1,XNPT,Buy,100
2014,10,8,XNPT,Sell,100
2014,12,15,XNPT,Buy,100
2015,3,13,XNPT,Sell,100
2015,3,25,XNPT,Buy,100
2015,6,9,XNPT,Sell,100
2015,6,24,XNPT,Buy,100
2015,7,13,XNPT,Sell,100
2015,8,6,XNPT,Buy,100
2015,8,28,XNPT,Sell,100
2015,9,15,XNPT,Buy,100
2015,10,12,XNPT,Sell,100
2015,11,16,XNPT,Buy,100
2013,1,30,ZGNX,Buy,100
2013,2,11,ZGNX,Sell,100
2013,2,20,ZGNX,Buy,100
2013,2,27,ZGNX,Sell,100
2013,3,26,ZGNX,Buy,100
2013,5,10,ZGNX,Sell,100
2013,5,14,ZGNX,Buy,100
2013,6,21,ZGNX,Sell,100
2013,7,3,ZGNX,Buy,100
2013,8,30,ZGNX,Sell,100
2013,9,25,ZGNX,Buy,100
2013,10,2,ZGNX,Sell,100
2013,10,21,ZGNX,Buy,100
2013,10,25,ZGNX,Sell,100
2013,11,5,ZGNX,Buy,100
2013,11,29,ZGNX,Sell,100
2013,12,11,ZGNX,Buy,100
2013,12,24,ZGNX,Sell,100
2014,2,3,ZGNX,Buy,100
2014,2,12,ZGNX,Sell,100
2014,2,28,ZGNX,Buy,100
2014,7,2,ZGNX,Sell,100
2014,7,8,ZGNX,Buy,100
2014,10,3,ZGNX,Sell,100
2014,10,9,ZGNX,Buy,100
2014,10,20,ZGNX,Sell,100
2014,11,13,ZGNX,Buy,100
2014,12,26,ZGNX,Sell,100
2015,1,15,ZGNX,Buy,100
2015,2,13,ZGNX,Sell,100
2015,3,11,ZGNX,Buy,100
2015,4,1,ZGNX,Sell,100
2015,4,27,ZGNX,Buy,100
2015,5,27,ZGNX,Sell,100
2015,6,19,ZGNX,Buy,100
2015,7,10,ZGNX,Sell,100
2015,8,6,ZGNX,Buy,100
2015,11,13,ZGNX,Sell,100
2015,12,7,ZGNX,Buy,100
