2013,2,12,AGN,Buy,12
2013,3,12,AGN,Sell,12
2013,6,4,AGN,Buy,8
2013,7,25,AGN,Sell,8
2013,8,21,AGN,Buy,7
2013,9,4,AGN,Sell,7
2013,9,11,AGN,Buy,7
2013,9,26,AGN,Sell,7
2013,10,8,AGN,Buy,7
2013,10,29,AGN,Sell,7
2013,12,4,AGN,Buy,6
2014,1,8,AGN,Sell,6
2014,2,6,AGN,Buy,5
2014,2,18,AGN,Sell,5
2014,3,10,AGN,Buy,5
2014,6,23,AGN,Sell,5
2014,7,8,AGN,Buy,5
2014,9,16,AGN,Sell,5
2014,10,2,AGN,Buy,4
2014,11,18,AGN,Sell,4
2014,12,10,AGN,Buy,4
2015,1,8,AGN,Sell,4
2015,1,30,AGN,Buy,4
2015,2,20,AGN,Sell,4
2015,3,10,AGN,Buy,3
2015,3,16,AGN,Sell,3
2015,3,31,AGN,Buy,3
2015,5,28,AGN,Sell,3
2015,6,8,AGN,Buy,3
2015,7,13,AGN,Sell,3
2015,7,24,AGN,Buy,3
2015,7,28,AGN,Sell,3
2015,8,6,AGN,Buy,3
2015,10,29,AGN,Sell,3
2015,11,23,AGN,Buy,3
2015,11,25,AGN,Sell,3
2015,12,9,AGN,Buy,3
2013,1,31,DPS,Buy,24
2013,3,19,DPS,Sell,24
2013,5,20,DPS,Buy,22
2013,9,18,DPS,Sell,22
2013,9,30,DPS,Buy,24
2013,10,23,DPS,Sell,24
2013,12,2,DPS,Buy,22
2014,1,21,DPS,Sell,22
2014,1,29,DPS,Buy,22
2014,2,20,DPS,Sell,22
2014,4,8,DPS,Buy,20
2014,4,28,DPS,Sell,20
2014,6,3,DPS,Buy,18
2014,6,4,DPS,Sell,18
2014,6,27,DPS,Buy,18
2014,7,24,DPS,Sell,18
2014,7,31,DPS,Buy,18
2014,8,28,DPS,Sell,18
2014,10,13,DPS,Buy,16
2014,10,23,DPS,Sell,16
2014,12,8,DPS,Buy,14
2015,1,15,DPS,Sell,14
2015,2,13,DPS,Buy,13
2015,3,30,DPS,Sell,13
2015,4,15,DPS,Buy,13
2015,7,7,DPS,Sell,13
2015,8,21,DPS,Buy,13
2015,10,5,DPS,Sell,13
2015,11,6,DPS,Buy,12
2015,12,1,DPS,Sell,12
2013,3,15,KMB,Buy,12
2013,3,22,KMB,Sell,12
2013,5,9,KMB,Buy,11
2013,9,16,KMB,Sell,11
2013,9,30,KMB,Buy,12
2013,10,16,KMB,Sell,12
2013,11,20,KMB,Buy,10
2014,1,24,KMB,Sell,10
2014,2,3,KMB,Buy,11
2014,2,14,KMB,Sell,11
2014,3,27,KMB,Buy,10
2014,4,16,KMB,Sell,10
2014,4,22,KMB,Buy,10
2014,4,28,KMB,Sell,10
2014,5,5,KMB,Buy,10
2014,5,30,KMB,Sell,10
2014,6,12,KMB,Buy,10
2014,6,19,KMB,Sell,10
2014,6,26,KMB,Buy,10
2014,7,15,KMB,Sell,10
2014,7,22,KMB,Buy,10
2014,8,13,KMB,Sell,10
2014,9,8,KMB,Buy,10
2014,9,24,KMB,Sell,10
2014,10,1,KMB,Buy,10
2014,10,8,KMB,Sell,10
2014,10,13,KMB,Buy,10
2014,10,21,KMB,Sell,10
2014,12,10,KMB,Buy,9
2014,12,23,KMB,Sell,9
2015,1,5,KMB,Buy,9
2015,4,21,KMB,Sell,9
2015,5,5,KMB,Buy,9
2015,7,13,KMB,Sell,9
2015,8,20,KMB,Buy,9
2015,10,5,KMB,Sell,9
2015,11,6,KMB,Buy,8
2015,12,14,KMB,Sell,8
2013,3,6,AZO,Buy,3
2013,3,11,AZO,Sell,3
2013,4,9,AZO,Buy,3
2013,4,25,AZO,Sell,3
2013,5,20,AZO,Buy,2
2013,7,8,AZO,Sell,2
2013,8,7,AZO,Buy,2
2013,10,18,AZO,Sell,2
2013,12,4,AZO,Buy,2
2013,12,10,AZO,Sell,2
2013,12,17,AZO,Buy,2
2014,1,8,AZO,Sell,2
2014,2,3,AZO,Buy,2
2014,2,6,AZO,Sell,2
2014,3,13,AZO,Buy,2
2014,3,17,AZO,Sell,2
2014,3,18,AZO,Buy,2
2014,5,12,AZO,Sell,2
2014,5,15,AZO,Buy,2
2014,5,22,AZO,Sell,2
2014,5,27,AZO,Buy,2
2014,8,14,AZO,Sell,2
2014,9,9,AZO,Buy,2
2014,10,21,AZO,Sell,2
2015,1,5,AZO,Buy,2
2015,2,23,AZO,Sell,2
2015,4,17,AZO,Buy,1
2015,7,29,AZO,Sell,1
2015,8,21,AZO,Buy,1
2015,9,23,AZO,Sell,1
2015,9,29,AZO,Buy,1
2015,10,22,AZO,Sell,1
2015,11,13,AZO,Buy,1
2013,2,20,CMG,Buy,3
2013,3,5,CMG,Sell,3
2013,3,19,CMG,Buy,3
2013,4,5,CMG,Sell,3
2013,4,18,CMG,Buy,3
2013,4,19,CMG,Sell,3
2013,5,23,CMG,Buy,3
2013,7,3,CMG,Sell,3
2013,8,14,CMG,Buy,2
2013,9,9,CMG,Sell,2
2013,9,25,CMG,Buy,2
2013,10,4,CMG,Sell,2
2013,11,20,CMG,Buy,2
2014,2,28,CMG,Sell,2
2014,3,25,CMG,Buy,2
2014,5,22,CMG,Sell,2
2014,7,8,CMG,Buy,2
2014,7,22,CMG,Sell,2
2014,8,22,CMG,Buy,1
2014,12,26,CMG,Sell,1
2015,2,4,CMG,Buy,1
2015,3,5,CMG,Sell,1
2015,3,6,CMG,Buy,2
2015,3,20,CMG,Sell,2
2015,3,25,CMG,Buy,2
2015,7,7,CMG,Sell,2
2015,8,20,CMG,Buy,1
2015,10,12,CMG,Sell,1
2015,10,14,CMG,Buy,1
2013,2,12,DG,Buy,22
2013,3,1,DG,Sell,22
2013,4,15,DG,Buy,20
2013,4,17,DG,Sell,20
2013,5,31,DG,Buy,19
2013,7,10,DG,Sell,19
2013,8,7,DG,Buy,19
2013,9,4,DG,Sell,19
2013,9,26,DG,Buy,18
2013,10,4,DG,Sell,18
2013,10,7,DG,Buy,18
2013,12,9,DG,Sell,18
2014,1,6,DG,Buy,17
2014,1,10,DG,Sell,17
2014,1,16,DG,Buy,17
2014,2,26,DG,Sell,17
2014,3,13,DG,Buy,18
2014,6,9,DG,Sell,18
2014,6,27,DG,Buy,18
2014,8,18,DG,Sell,18
2014,9,15,DG,Buy,16
2014,12,9,DG,Sell,16
2015,1,6,DG,Buy,15
2015,2,18,DG,Sell,15
2015,4,7,DG,Buy,14
2015,6,3,DG,Sell,14
2015,7,9,DG,Buy,13
2015,7,13,DG,Sell,13
2015,7,27,DG,Buy,13
2015,12,8,DG,Sell,13
2013,1,30,AAPL,Buy,16
2013,7,29,AAPL,Sell,16
2013,9,10,AAPL,Buy,15
2013,10,18,AAPL,Sell,15
2013,11,7,AAPL,Buy,14
2013,11,26,AAPL,Sell,14
2013,12,19,AAPL,Buy,13
2014,3,25,AAPL,Sell,13
2014,4,4,AAPL,Buy,14
2014,4,24,AAPL,Sell,14
2014,6,20,AAPL,Buy,11
2014,7,7,AAPL,Sell,11
2014,7,17,AAPL,Buy,11
2014,7,28,AAPL,Sell,11
2014,7,31,AAPL,Buy,11
2014,8,19,AAPL,Sell,11
2014,9,3,AAPL,Buy,10
2014,10,23,AAPL,Sell,10
2014,12,8,AAPL,Buy,9
2015,1,28,AAPL,Sell,9
2015,3,5,AAPL,Buy,8
2015,4,23,AAPL,Sell,8
2015,4,30,AAPL,Buy,8
2015,7,20,AAPL,Sell,8
2015,7,22,AAPL,Buy,8
2015,10,22,AAPL,Sell,8
2015,11,11,AAPL,Buy,9
2013,2,6,COST,Buy,10
2013,3,22,COST,Sell,10
2013,4,15,COST,Buy,10
2013,4,25,COST,Sell,10
2013,5,31,COST,Buy,10
2013,7,11,COST,Sell,10
2013,8,8,COST,Buy,9
2013,9,10,COST,Sell,9
2013,9,25,COST,Buy,9
2013,11,6,COST,Sell,9
2013,12,4,COST,Buy,9
2014,4,23,COST,Sell,9
2014,5,6,COST,Buy,9
2014,6,5,COST,Sell,9
2014,6,12,COST,Buy,9
2014,7,8,COST,Sell,9
2014,8,7,COST,Buy,9
2014,8,19,COST,Sell,9
2014,9,29,COST,Buy,8
2014,10,8,COST,Sell,8
2014,10,14,COST,Buy,8
2014,10,21,COST,Sell,8
2014,12,10,COST,Buy,7
2015,2,2,COST,Sell,7
2015,2,27,COST,Buy,7
2015,3,5,COST,Sell,7
2015,3,11,COST,Buy,7
2015,3,20,COST,Sell,7
2015,4,1,COST,Buy,7
2015,7,10,COST,Sell,7
2015,8,19,COST,Buy,7
2015,9,23,COST,Sell,7
2015,11,9,COST,Buy,6
2015,11,18,COST,Sell,6
2015,12,9,COST,Buy,6
2013,2,25,CCE,Buy,30
2013,3,20,CCE,Sell,30
2013,4,1,CCE,Buy,29
2013,5,14,CCE,Sell,29
2013,5,30,CCE,Buy,28
2013,9,4,CCE,Sell,28
2013,10,3,CCE,Buy,26
2013,10,17,CCE,Sell,26
2013,10,24,CCE,Buy,26
2013,12,4,CCE,Sell,26
2013,12,10,CCE,Buy,25
2014,5,12,CCE,Sell,25
2014,5,21,CCE,Buy,23
2014,6,19,CCE,Sell,23
2014,7,25,CCE,Buy,22
2014,11,19,CCE,Sell,22
2014,12,12,CCE,Buy,24
2015,2,12,CCE,Sell,24
2015,3,6,CCE,Buy,23
2015,4,6,CCE,Sell,23
2015,4,21,CCE,Buy,23
2015,5,14,CCE,Sell,23
2015,5,21,CCE,Buy,22
2015,7,31,CCE,Sell,22
2015,8,24,CCE,Buy,20
2015,10,9,CCE,Sell,20
2015,11,4,CCE,Buy,20
2013,1,30,MKC,Buy,17
2013,2,27,MKC,Sell,17
2013,4,5,MKC,Buy,15
2013,5,7,MKC,Sell,15
2013,5,29,MKC,Buy,15
2014,1,14,MKC,Sell,15
2014,1,24,MKC,Buy,15
2014,3,12,MKC,Sell,15
2014,5,6,MKC,Buy,15
2014,5,29,MKC,Sell,15
2014,6,13,MKC,Buy,14
2014,10,31,MKC,Sell,14
2014,12,10,MKC,Buy,14
2014,12,19,MKC,Sell,14
2015,1,5,MKC,Buy,14
2015,3,26,MKC,Sell,14
2015,4,17,MKC,Buy,13
2015,5,14,MKC,Sell,13
2015,6,2,MKC,Buy,13
2015,6,22,MKC,Sell,13
2015,7,17,MKC,Buy,13
2015,7,29,MKC,Sell,13
2015,8,20,MKC,Buy,12
2015,10,22,MKC,Sell,12
2015,11,9,MKC,Buy,12
2013,5,20,VZ,Buy,21
2013,7,29,VZ,Sell,21
2013,7,30,VZ,Buy,22
2013,10,17,VZ,Sell,22
2013,11,11,VZ,Buy,22
2014,5,8,VZ,Sell,22
2014,6,12,VZ,Buy,22
2014,7,10,VZ,Sell,22
2014,7,31,VZ,Buy,21
2014,9,3,VZ,Sell,21
2014,9,9,VZ,Buy,22
2015,1,16,VZ,Sell,22
2015,1,26,VZ,Buy,22
2015,2,6,VZ,Sell,22
2015,3,4,VZ,Buy,21
2015,4,23,VZ,Sell,21
2015,5,6,VZ,Buy,21
2015,7,16,VZ,Sell,21
2015,7,22,VZ,Buy,22
2015,10,22,VZ,Sell,22
2015,11,9,VZ,Buy,22
2015,12,7,VZ,Sell,22
2015,12,11,VZ,Buy,23
2015,12,16,VZ,Sell,23
2013,3,4,NFLX,Buy,39
2013,4,23,NFLX,Sell,39
2013,5,28,NFLX,Buy,33
2013,7,9,NFLX,Sell,33
2013,7,24,NFLX,Buy,29
2013,8,20,NFLX,Sell,29
2013,10,8,NFLX,Buy,23
2013,10,21,NFLX,Sell,23
2013,10,28,NFLX,Buy,22
2013,11,27,NFLX,Sell,22
2013,12,27,NFLX,Buy,19
2014,1,28,NFLX,Sell,19
2014,3,10,NFLX,Buy,16
2014,5,20,NFLX,Sell,16
2014,7,9,NFLX,Buy,16
2014,8,18,NFLX,Sell,16
2014,9,15,NFLX,Buy,15
2014,10,3,NFLX,Sell,15
2014,10,7,NFLX,Buy,15
2015,1,21,NFLX,Sell,15
2015,3,6,NFLX,Buy,15
2015,4,10,NFLX,Sell,15
2015,6,26,NFLX,Buy,11
2015,7,13,NFLX,Sell,11
2015,8,20,NFLX,Buy,9
2015,10,5,NFLX,Sell,9
2015,10,15,NFLX,Buy,10
2015,11,20,NFLX,Sell,10
2015,12,11,NFLX,Buy,8
2013,3,18,LLY,Buy,20
2013,3,26,LLY,Sell,20
2013,4,18,LLY,Buy,19
2013,4,23,LLY,Sell,19
2013,4,24,LLY,Buy,19
2013,7,24,LLY,Sell,19
2013,8,16,LLY,Buy,20
2013,9,18,LLY,Sell,20
2013,9,24,LLY,Buy,20
2013,11,14,LLY,Sell,20
2013,11,29,LLY,Buy,21
2014,1,15,LLY,Sell,21
2014,2,3,LLY,Buy,20
2014,2,19,LLY,Sell,20
2014,3,20,LLY,Buy,18
2014,4,9,LLY,Sell,18
2014,4,11,LLY,Buy,18
2014,6,20,LLY,Sell,18
2014,7,17,LLY,Buy,17
2014,7,21,LLY,Sell,17
2014,7,29,LLY,Buy,17
2014,12,1,LLY,Sell,17
2014,12,16,LLY,Buy,15
2015,1,20,LLY,Sell,15
2015,2,3,LLY,Buy,14
2015,3,18,LLY,Sell,14
2015,4,1,LLY,Buy,14
2015,5,21,LLY,Sell,14
2015,7,21,LLY,Buy,12
2015,8,20,LLY,Sell,12
2015,8,24,LLY,Buy,12
2015,8,27,LLY,Sell,12
2015,8,31,LLY,Buy,12
2015,9,17,LLY,Sell,12
2015,9,28,LLY,Buy,13
2015,11,18,LLY,Sell,13
2015,12,11,LLY,Buy,12
2013,1,30,MNST,Buy,21
2013,2,15,MNST,Sell,21
2013,3,5,MNST,Buy,20
2013,4,8,MNST,Sell,20
2013,5,9,MNST,Buy,19
2013,5,14,MNST,Sell,19
2013,5,20,MNST,Buy,18
2013,6,4,MNST,Sell,18
2013,6,20,MNST,Buy,18
2013,7,22,MNST,Sell,18
2013,7,29,MNST,Buy,16
2013,10,17,MNST,Sell,16
2013,11,8,MNST,Buy,18
2013,11,14,MNST,Sell,18
2013,11,18,MNST,Buy,18
2013,11,26,MNST,Sell,18
2014,1,24,MNST,Buy,15
2014,2,11,MNST,Sell,15
2014,3,13,MNST,Buy,14
2014,5,12,MNST,Sell,14
2014,6,3,MNST,Buy,15
2014,6,19,MNST,Sell,15
2014,6,26,MNST,Buy,14
2014,8,11,MNST,Sell,14
2014,9,25,MNST,Buy,11
2014,10,8,MNST,Sell,11
2014,10,15,MNST,Buy,11
2014,10,21,MNST,Sell,11
2014,12,3,MNST,Buy,9
2015,1,7,MNST,Sell,9
2015,2,3,MNST,Buy,9
2015,2,24,MNST,Sell,9
2015,3,25,MNST,Buy,7
2015,4,24,MNST,Sell,7
2015,4,30,MNST,Buy,7
2015,6,16,MNST,Sell,7
2015,8,6,MNST,Buy,7
2015,10,9,MNST,Sell,7
2015,10,13,MNST,Buy,8
2015,10,20,MNST,Sell,8
2015,10,30,MNST,Buy,7
2015,11,6,MNST,Sell,7
2015,12,9,MNST,Buy,7
2013,2,7,DLTR,Buy,25
2013,2,22,DLTR,Sell,25
2013,4,9,DLTR,Buy,22
2013,5,7,DLTR,Sell,22
2013,5,22,DLTR,Buy,21
2013,7,1,DLTR,Sell,21
2013,7,25,DLTR,Buy,19
2013,8,1,DLTR,Sell,19
2013,8,8,DLTR,Buy,19
2013,9,18,DLTR,Sell,19
2013,10,30,DLTR,Buy,17
2013,12,26,DLTR,Sell,17
2014,1,10,DLTR,Buy,18
2014,2,26,DLTR,Sell,18
2014,3,17,DLTR,Buy,19
2014,5,2,DLTR,Sell,19
2014,5,14,DLTR,Buy,19
2014,8,4,DLTR,Sell,19
2014,8,5,DLTR,Buy,18
2014,9,18,DLTR,Sell,18
2014,9,25,DLTR,Buy,18
2014,10,21,DLTR,Sell,18
2014,12,16,DLTR,Buy,15
2014,12,23,DLTR,Sell,15
2015,1,6,DLTR,Buy,15
2015,2,3,DLTR,Sell,15
2015,3,26,DLTR,Buy,12
2015,7,13,DLTR,Sell,12
2015,7,21,DLTR,Buy,13
2015,8,18,DLTR,Sell,13
2015,8,21,DLTR,Buy,13
2015,11,2,DLTR,Sell,13
2015,11,13,DLTR,Buy,16
2015,11,24,DLTR,Sell,16
2015,12,24,DLTR,Buy,13
2013,2,14,WFM,Buy,24
2013,3,13,WFM,Sell,24
2013,3,19,WFM,Buy,24
2013,5,7,WFM,Sell,24
2013,6,4,WFM,Buy,20
2013,7,8,WFM,Sell,20
2013,8,1,WFM,Buy,19
2013,9,11,WFM,Sell,19
2013,10,9,WFM,Buy,18
2013,10,11,WFM,Sell,18
2013,11,7,WFM,Buy,18
2013,12,23,WFM,Sell,18
2013,12,27,WFM,Buy,18
2014,2,6,WFM,Sell,18
2014,2,13,WFM,Buy,20
2014,6,5,WFM,Sell,20
2014,6,20,WFM,Buy,26
2014,8,27,WFM,Sell,26
2014,9,9,WFM,Buy,26
2014,10,31,WFM,Sell,26
2014,12,10,WFM,Buy,21
2014,12,29,WFM,Sell,21
2015,3,4,WFM,Buy,18
2015,10,2,WFM,Sell,18
2015,10,22,WFM,Buy,31
2015,12,7,WFM,Sell,31
2013,2,14,RAI,Buy,53
2013,2,21,RAI,Sell,53
2013,2,26,RAI,Buy,52
2013,3,26,RAI,Sell,52
2013,5,31,RAI,Buy,47
2013,6,18,RAI,Sell,47
2013,6,19,RAI,Buy,47
2013,7,8,RAI,Sell,47
2013,7,24,RAI,Buy,44
2013,9,13,RAI,Sell,44
2013,10,8,RAI,Buy,45
2013,10,11,RAI,Sell,45
2013,11,20,RAI,Buy,43
2014,2,25,RAI,Sell,43
2014,3,27,RAI,Buy,40
2014,4,14,RAI,Sell,40
2014,4,23,RAI,Buy,40
2014,4,28,RAI,Sell,40
2014,7,1,RAI,Buy,35
2014,7,14,RAI,Sell,35
2014,7,15,RAI,Buy,36
2014,8,11,RAI,Sell,36
2014,8,13,RAI,Buy,37
2014,9,30,RAI,Sell,37
2014,10,14,RAI,Buy,36
2014,10,21,RAI,Sell,36
2014,12,12,RAI,Buy,32
2015,1,20,RAI,Sell,32
2015,2,9,RAI,Buy,30
2015,2,11,RAI,Sell,30
2015,3,6,RAI,Buy,29
2015,4,2,RAI,Sell,29
2015,4,29,RAI,Buy,28
2015,7,16,RAI,Sell,28
2015,8,19,RAI,Buy,24
2015,9,30,RAI,Sell,24
2015,11,3,RAI,Buy,22
2013,2,20,PCLN,Buy,1
2013,4,10,PCLN,Sell,1
2013,4,18,PCLN,Buy,1
2013,5,10,PCLN,Sell,1
2013,6,12,PCLN,Buy,1
2013,6,18,PCLN,Sell,1
2013,6,24,PCLN,Buy,1
2013,7,1,PCLN,Sell,1
2013,7,29,PCLN,Buy,1
2013,8,5,PCLN,Sell,1
2013,8,28,PCLN,Buy,1
2013,9,10,PCLN,Sell,1
2013,10,8,PCLN,Buy,1
2013,10,21,PCLN,Sell,1
2013,11,7,PCLN,Buy,1
2013,11,13,PCLN,Sell,1
2013,12,17,PCLN,Buy,1
2014,1,21,PCLN,Sell,1
2014,1,27,PCLN,Buy,1
2014,2,12,PCLN,Sell,1
2014,3,13,PCLN,Buy,1
2014,5,27,PCLN,Sell,1
2014,6,13,PCLN,Buy,1
2014,8,4,PCLN,Sell,1
2014,8,21,PCLN,Buy,1
2014,10,31,PCLN,Sell,1
2014,11,4,PCLN,Buy,1
2015,2,12,PCLN,Sell,1
2015,3,11,PCLN,Buy,1
2015,4,27,PCLN,Sell,1
2015,5,7,PCLN,Buy,1
2015,7,17,PCLN,Sell,1
2015,8,20,PCLN,Buy,1
2013,4,5,HSY,Buy,12
2013,4,16,HSY,Sell,12
2013,4,26,HSY,Buy,12
2013,8,1,HSY,Sell,12
2013,8,15,HSY,Buy,11
2013,10,16,HSY,Sell,11
2013,11,7,HSY,Buy,11
2014,1,16,HSY,Sell,11
2014,1,27,HSY,Buy,11
2014,2,5,HSY,Sell,11
2014,3,10,HSY,Buy,10
2014,5,22,HSY,Sell,10
2014,6,3,HSY,Buy,11
2014,6,6,HSY,Sell,11
2014,6,25,HSY,Buy,11
2014,9,16,HSY,Sell,11
2014,10,7,HSY,Buy,11
2014,11,26,HSY,Sell,11
2014,12,16,HSY,Buy,10
2014,12,18,HSY,Sell,10
2015,1,29,HSY,Buy,10
2015,10,2,HSY,Sell,10
2015,10,21,HSY,Buy,11
2015,12,14,HSY,Sell,11
2013,1,30,PM,Buy,13
2013,2,20,PM,Sell,13
2013,3,8,PM,Buy,13
2013,3,27,PM,Sell,13
2013,4,18,PM,Buy,12
2013,9,13,PM,Sell,12
2013,10,4,PM,Buy,13
2013,10,28,PM,Sell,13
2013,11,20,PM,Buy,12
2013,12,26,PM,Sell,12
2014,1,6,PM,Buy,13
2014,3,31,PM,Sell,13
2014,5,20,PM,Buy,13
2014,5,27,PM,Sell,13
2014,6,26,PM,Buy,12
2014,10,17,PM,Sell,12
2014,11,12,PM,Buy,12
2015,1,22,PM,Sell,12
2015,1,27,PM,Buy,13
2015,4,16,PM,Sell,13
2015,5,22,PM,Buy,12
2015,7,16,PM,Sell,12
2015,8,13,PM,Buy,12
2015,9,15,PM,Sell,12
2015,9,28,PM,Buy,13
2015,10,7,PM,Sell,13
2015,11,6,PM,Buy,12
2015,12,4,PM,Sell,12
2015,12,11,PM,Buy,12
2015,12,16,PM,Sell,12
2015,12,18,PM,Buy,12
2013,5,6,DUK,Buy,15
2013,7,11,DUK,Sell,15
2013,8,9,DUK,Buy,16
2013,9,18,DUK,Sell,16
2013,10,3,DUK,Buy,17
2013,10,11,DUK,Sell,17
2013,11,12,DUK,Buy,15
2014,1,30,DUK,Sell,15
2014,2,27,DUK,Buy,15
2014,4,8,DUK,Sell,15
2014,5,8,DUK,Buy,15
2014,6,18,DUK,Sell,15
2014,7,3,DUK,Buy,15
2014,10,1,DUK,Sell,15
2014,11,12,DUK,Buy,13
2014,12,24,DUK,Sell,13
2015,1,5,DUK,Buy,13
2015,1,21,DUK,Sell,13
2015,2,3,DUK,Buy,12
2015,4,6,DUK,Sell,12
2015,4,30,DUK,Buy,13
2015,7,7,DUK,Sell,13
2015,7,21,DUK,Buy,14
2015,8,12,DUK,Sell,14
2015,8,24,DUK,Buy,14
2015,9,30,DUK,Sell,14
2015,10,26,DUK,Buy,14
2015,12,16,DUK,Sell,14
2013,2,6,SHW,Buy,6
2013,2,15,SHW,Sell,6
2013,2,20,SHW,Buy,6
2013,2,28,SHW,Sell,6
2013,4,1,SHW,Buy,6
2013,4,16,SHW,Sell,6
2013,5,22,SHW,Buy,5
2013,9,18,SHW,Sell,5
2013,10,8,SHW,Buy,6
2013,10,25,SHW,Sell,6
2013,11,5,SHW,Buy,6
2014,1,7,SHW,Sell,6
2014,1,29,SHW,Buy,5
2014,5,23,SHW,Sell,5
2014,6,12,SHW,Buy,5
2014,6,25,SHW,Sell,5
2014,7,8,SHW,Buy,5
2014,7,17,SHW,Sell,5
2014,7,31,SHW,Buy,5
2014,9,18,SHW,Sell,5
2014,10,1,SHW,Buy,5
2014,10,17,SHW,Sell,5
2015,3,10,SHW,Buy,4
2015,5,14,SHW,Sell,4
2015,6,2,SHW,Buy,4
2015,8,17,SHW,Sell,4
2015,8,20,SHW,Buy,4
2015,10,29,SHW,Sell,4
2015,12,3,SHW,Buy,4
2013,5,8,ED,Buy,18
2013,7,15,ED,Sell,18
2013,8,6,ED,Buy,18
2013,10,22,ED,Sell,18
2013,11,11,ED,Buy,19
2014,2,11,ED,Sell,19
2014,3,11,ED,Buy,19
2014,4,8,ED,Sell,19
2014,5,9,ED,Buy,19
2014,6,18,ED,Sell,19
2014,7,2,ED,Buy,19
2014,10,8,ED,Sell,19
2014,11,13,ED,Buy,17
2014,12,24,ED,Sell,17
2015,2,4,ED,Buy,15
2015,4,24,ED,Sell,15
2015,5,5,ED,Buy,17
2015,7,6,ED,Sell,17
2015,8,24,ED,Buy,16
2015,10,22,ED,Sell,16
2015,10,28,ED,Buy,15
2015,12,16,ED,Sell,15
2013,3,21,ORLY,Buy,10
2013,6,18,ORLY,Sell,10
2013,6,26,ORLY,Buy,9
2013,7,1,ORLY,Sell,9
2013,8,15,ORLY,Buy,8
2013,9,11,ORLY,Sell,8
2013,9,24,ORLY,Buy,8
2013,10,16,ORLY,Sell,8
2013,10,24,ORLY,Buy,8
2013,12,16,ORLY,Sell,8
2014,1,28,ORLY,Buy,8
2014,2,6,ORLY,Sell,8
2014,3,5,ORLY,Buy,7
2014,6,4,ORLY,Sell,7
2014,6,16,ORLY,Buy,7
2014,7,9,ORLY,Sell,7
2014,7,21,ORLY,Buy,7
2014,8,20,ORLY,Sell,7
2014,9,11,ORLY,Buy,6
2014,10,20,ORLY,Sell,6
2015,1,2,ORLY,Buy,5
2015,2,5,ORLY,Sell,5
2015,3,6,ORLY,Buy,5
2015,3,16,ORLY,Sell,5
2015,3,25,ORLY,Buy,5
2015,4,23,ORLY,Sell,5
2015,4,30,ORLY,Buy,5
2015,6,18,ORLY,Sell,5
2015,6,29,ORLY,Buy,4
2015,7,13,ORLY,Sell,4
2015,8,21,ORLY,Buy,4
2015,10,23,ORLY,Sell,4
2015,11,13,ORLY,Buy,4
2013,2,15,WMT,Buy,16
2013,3,4,WMT,Sell,16
2013,4,30,WMT,Buy,14
2013,5,15,WMT,Sell,14
2013,5,17,WMT,Buy,14
2013,7,8,WMT,Sell,14
2013,8,7,WMT,Buy,14
2013,9,16,WMT,Sell,14
2013,9,27,WMT,Buy,14
2013,11,11,WMT,Sell,14
2013,12,10,WMT,Buy,13
2014,3,21,WMT,Sell,13
2014,5,6,WMT,Buy,13
2014,7,8,WMT,Sell,13
2014,7,25,WMT,Buy,14
2014,9,5,WMT,Sell,14
2014,9,12,WMT,Buy,14
2014,10,3,WMT,Sell,14
2014,10,15,WMT,Buy,14
2014,11,10,WMT,Sell,14
2014,12,9,WMT,Buy,12
2015,1,7,WMT,Sell,12
2015,1,14,WMT,Buy,12
2015,5,18,WMT,Sell,12
2015,5,19,WMT,Buy,13
2015,7,6,WMT,Sell,13
2015,7,23,WMT,Buy,14
2015,10,7,WMT,Sell,14
2015,10,14,WMT,Buy,17
2015,11,10,WMT,Sell,17
2015,11,11,WMT,Buy,18
2015,11,17,WMT,Sell,18
2015,11,30,WMT,Buy,17
2015,12,23,WMT,Sell,17
2013,5,23,HRL,Buy,25
2013,9,18,HRL,Sell,25
2013,9,27,HRL,Buy,25
2013,11,26,HRL,Sell,25
2013,12,13,HRL,Buy,23
2014,1,10,HRL,Sell,23
2014,1,24,HRL,Buy,23
2014,3,25,HRL,Sell,23
2014,4,10,HRL,Buy,22
2014,5,9,HRL,Sell,22
2014,5,21,HRL,Buy,22
2014,8,21,HRL,Sell,22
2014,9,19,HRL,Buy,20
2014,10,2,HRL,Sell,20
2014,10,15,HRL,Buy,20
2014,10,21,HRL,Sell,20
2014,11,24,HRL,Buy,19
2015,2,13,HRL,Sell,19
2015,3,10,HRL,Buy,18
2015,5,20,HRL,Sell,18
2015,6,4,HRL,Buy,18
2015,7,30,HRL,Sell,18
2015,8,24,HRL,Buy,17
2015,9,30,HRL,Sell,17
2015,11,6,HRL,Buy,15
2015,11,19,HRL,Sell,15
2013,1,30,ALXN,Buy,10
2013,4,1,ALXN,Sell,10
2013,4,17,ALXN,Buy,11
2013,5,10,ALXN,Sell,11
2013,5,23,ALXN,Buy,10
2013,7,10,ALXN,Sell,10
2013,8,12,ALXN,Buy,9
2013,10,1,ALXN,Sell,9
2013,10,3,ALXN,Buy,9
2013,10,25,ALXN,Sell,9
2013,11,7,ALXN,Buy,9
2013,12,18,ALXN,Sell,9
2014,1,13,ALXN,Buy,8
2014,1,16,ALXN,Sell,8
2014,1,24,ALXN,Buy,7
2014,1,30,ALXN,Sell,7
2014,3,3,ALXN,Buy,6
2014,5,27,ALXN,Sell,6
2014,6,13,ALXN,Buy,6
2014,7,22,ALXN,Sell,6
2014,7,28,ALXN,Buy,6
2014,10,3,ALXN,Sell,6
2014,10,13,ALXN,Buy,6
2014,10,23,ALXN,Sell,6
2014,11,14,ALXN,Buy,5
2014,12,2,ALXN,Sell,5
2014,12,10,ALXN,Buy,5
2015,6,16,ALXN,Sell,5
2015,7,31,ALXN,Buy,5
2015,10,27,ALXN,Sell,5
2015,11,11,ALXN,Buy,6
2015,12,8,ALXN,Sell,6
2013,1,30,SJM,Buy,12
2013,2,12,SJM,Sell,12
2013,3,21,SJM,Buy,11
2013,3,28,SJM,Sell,11
2013,5,9,SJM,Buy,10
2013,5,28,SJM,Sell,10
2013,5,30,SJM,Buy,10
2013,10,17,SJM,Sell,10
2013,11,7,SJM,Buy,10
2014,5,7,SJM,Sell,10
2014,7,10,SJM,Buy,10
2014,10,20,SJM,Sell,10
2014,11,12,SJM,Buy,10
2015,1,21,SJM,Sell,10
2015,3,6,SJM,Buy,9
2015,3,30,SJM,Sell,9
2015,4,24,SJM,Buy,9
2015,5,14,SJM,Sell,9
2015,6,4,SJM,Buy,9
2015,7,28,SJM,Sell,9
2015,8,11,SJM,Buy,9
2015,8,27,SJM,Sell,9
2015,9,22,SJM,Buy,9
2015,11,19,SJM,Sell,9
2015,12,14,SJM,Buy,8
2013,1,30,EW,Buy,22
2013,3,5,EW,Sell,22
2013,3,14,EW,Buy,23
2013,4,12,EW,Sell,23
2013,4,18,EW,Buy,24
2013,6,13,EW,Sell,24
2013,6,20,EW,Buy,30
2013,7,19,EW,Sell,30
2013,8,15,EW,Buy,28
2013,10,16,EW,Sell,28
2013,10,28,EW,Buy,27
2013,12,6,EW,Sell,27
2013,12,9,EW,Buy,32
2014,1,14,EW,Sell,32
2014,1,27,EW,Buy,30
2014,2,28,EW,Sell,30
2014,3,24,EW,Buy,28
2014,4,14,EW,Sell,28
2014,5,22,EW,Buy,25
2014,6,19,EW,Sell,25
2014,7,16,EW,Buy,23
2014,7,30,EW,Sell,23
2014,10,13,EW,Buy,19
2014,10,24,EW,Sell,19
2014,12,15,EW,Buy,16
2015,1,12,EW,Sell,16
2015,1,15,EW,Buy,16
2015,3,12,EW,Sell,16
2015,4,1,EW,Buy,14
2015,6,10,EW,Sell,14
2015,8,3,EW,Buy,13
2015,10,1,EW,Sell,13
2015,10,26,EW,Buy,14
2015,10,30,EW,Sell,14
2015,11,12,EW,Buy,13
2015,11,23,EW,Sell,13
2015,12,3,EW,Buy,13
2013,1,31,TWC,Buy,12
2013,2,27,TWC,Sell,12
2013,2,28,TWC,Buy,12
2013,3,5,TWC,Sell,12
2013,4,9,TWC,Buy,11
2013,5,7,TWC,Sell,11
2013,5,22,TWC,Buy,11
2013,6,14,TWC,Sell,11
2013,7,31,TWC,Buy,9
2013,9,13,TWC,Sell,9
2013,10,3,TWC,Buy,9
2013,10,10,TWC,Sell,9
2013,11,7,TWC,Buy,9
2013,11,22,TWC,Sell,9
2013,12,20,TWC,Buy,8
2014,1,14,TWC,Sell,8
2014,1,24,TWC,Buy,8
2014,2,13,TWC,Sell,8
2014,3,11,TWC,Buy,7
2014,6,25,TWC,Sell,7
2014,7,17,TWC,Buy,7
2014,9,5,TWC,Sell,7
2014,9,22,TWC,Buy,7
2014,12,29,TWC,Sell,7
2015,1,5,TWC,Buy,7
2015,5,20,TWC,Sell,7
2015,6,18,TWC,Buy,6
2015,7,1,TWC,Sell,6
2015,8,7,TWC,Buy,5
2015,10,29,TWC,Sell,5
2015,11,13,TWC,Buy,5
2013,1,30,PRGO,Buy,10
2013,2,11,PRGO,Sell,10
2013,4,15,PRGO,Buy,9
2013,6,18,PRGO,Sell,9
2013,7,29,PRGO,Buy,8
2013,10,4,PRGO,Sell,8
2013,10,30,PRGO,Buy,8
2013,10,31,PRGO,Sell,8
2013,12,11,PRGO,Buy,7
2014,1,8,PRGO,Sell,7
2014,1,21,PRGO,Buy,6
2014,2,20,PRGO,Sell,6
2014,3,20,PRGO,Buy,6
2014,6,25,PRGO,Sell,6
2014,7,11,PRGO,Buy,7
2014,7,14,PRGO,Sell,7
2014,7,31,PRGO,Buy,7
2014,9,24,PRGO,Sell,7
2014,10,10,PRGO,Buy,7
2014,10,30,PRGO,Sell,7
2014,11,6,PRGO,Buy,7
2014,12,18,PRGO,Sell,7
2015,1,13,PRGO,Buy,6
2015,3,2,PRGO,Sell,6
2015,3,25,PRGO,Buy,6
2015,4,8,PRGO,Sell,6
2015,4,28,PRGO,Buy,5
2015,7,27,PRGO,Sell,5
2015,8,6,PRGO,Buy,5
2013,2,26,MO,Buy,34
2013,3,26,MO,Sell,34
2013,4,18,MO,Buy,33
2013,4,29,MO,Sell,33
2013,5,29,MO,Buy,31
2013,7,11,MO,Sell,31
2013,7,23,MO,Buy,31
2013,9,11,MO,Sell,31
2013,9,30,MO,Buy,32
2013,10,22,MO,Sell,32
2013,11,21,MO,Buy,30
2013,12,18,MO,Sell,30
2014,1,6,MO,Buy,29
2014,3,4,MO,Sell,29
2014,7,1,MO,Buy,25
2014,9,15,MO,Sell,25
2014,10,15,MO,Buy,23
2014,11,3,MO,Sell,23
2014,12,12,MO,Buy,21
2015,1,15,MO,Sell,21
2015,2,9,MO,Buy,20
2015,2,12,MO,Sell,20
2015,3,6,MO,Buy,20
2015,7,7,MO,Sell,20
2015,8,19,MO,Buy,19
2015,9,16,MO,Sell,19
2015,11,3,MO,Buy,17
2015,12,4,MO,Sell,17
2015,12,9,MO,Buy,18
2015,12,16,MO,Sell,18
2015,12,18,MO,Buy,18
2013,2,13,MCD,Buy,12
2013,2,25,MCD,Sell,12
2013,4,19,MCD,Buy,11
2013,9,10,MCD,Sell,11
2013,9,30,MCD,Buy,11
2013,10,29,MCD,Sell,11
2013,12,2,MCD,Buy,11
2014,3,11,MCD,Sell,11
2014,3,21,MCD,Buy,11
2014,4,10,MCD,Sell,11
2014,5,20,MCD,Buy,10
2014,9,24,MCD,Sell,10
2014,10,6,MCD,Buy,11
2015,2,25,MCD,Sell,11
2015,3,11,MCD,Buy,11
2015,5,19,MCD,Sell,11
2015,5,28,MCD,Buy,11
2015,7,13,MCD,Sell,11
2015,7,24,MCD,Buy,11
2015,7,31,MCD,Sell,11
2015,8,21,MCD,Buy,10
2015,10,5,MCD,Sell,10
2015,11,13,MCD,Buy,9
2015,12,4,MCD,Sell,9
2013,2,1,LEN,Buy,25
2013,9,11,LEN,Sell,25
2013,10,4,LEN,Buy,29
2013,10,24,LEN,Sell,29
2013,11,1,LEN,Buy,29
2013,12,18,LEN,Sell,29
2014,1,14,LEN,Buy,26
2014,1,31,LEN,Sell,26
2014,3,7,LEN,Buy,24
2014,5,23,LEN,Sell,24
2014,6,13,LEN,Buy,25
2014,7,1,LEN,Sell,25
2014,7,7,LEN,Buy,24
2014,9,17,LEN,Sell,24
2014,9,25,LEN,Buy,25
2014,10,17,LEN,Sell,25
2014,12,4,LEN,Buy,22
2015,1,8,LEN,Sell,22
2015,1,15,LEN,Buy,24
2015,2,10,LEN,Sell,24
2015,3,6,LEN,Buy,21
2015,3,30,LEN,Sell,21
2015,4,13,LEN,Buy,20
2015,6,19,LEN,Sell,20
2015,7,20,LEN,Buy,19
2015,8,17,LEN,Sell,19
2015,8,24,LEN,Buy,20
2013,2,8,MDLZ,Buy,38
2013,3,22,MDLZ,Sell,38
2013,4,17,MDLZ,Buy,35
2013,4,19,MDLZ,Sell,35
2013,5,8,MDLZ,Buy,34
2013,8,8,MDLZ,Sell,34
2013,8,15,MDLZ,Buy,33
2013,9,13,MDLZ,Sell,33
2013,9,30,MDLZ,Buy,33
2013,10,22,MDLZ,Sell,33
2013,11,7,MDLZ,Buy,32
2013,12,6,MDLZ,Sell,32
2013,12,12,MDLZ,Buy,31
2014,1,10,MDLZ,Sell,31
2014,1,21,MDLZ,Buy,30
2014,4,24,MDLZ,Sell,30
2014,6,11,MDLZ,Buy,27
2014,11,5,MDLZ,Sell,27
2014,12,4,MDLZ,Buy,27
2015,4,6,MDLZ,Sell,27
2015,4,21,MDLZ,Buy,28
2015,4,29,MDLZ,Sell,28
2015,6,5,MDLZ,Buy,25
2015,7,1,MDLZ,Sell,25
2015,8,20,MDLZ,Buy,23
2015,10,5,MDLZ,Sell,23
2015,11,4,MDLZ,Buy,22
2015,12,23,MDLZ,Sell,22
2013,5,1,SO,Buy,24
2013,7,15,SO,Sell,24
2013,7,31,SO,Buy,25
2013,9,18,SO,Sell,25
2013,9,27,SO,Buy,27
2013,11,14,SO,Sell,27
2013,11,20,SO,Buy,27
2014,1,10,SO,Sell,27
2014,1,29,SO,Buy,27
2014,2,11,SO,Sell,27
2014,3,11,SO,Buy,26
2014,3,13,SO,Sell,26
2014,5,2,SO,Buy,24
2014,6,18,SO,Sell,24
2014,7,3,SO,Buy,24
2014,9,5,SO,Sell,24
2014,9,10,SO,Buy,24
2014,10,8,SO,Sell,24
2014,11,14,SO,Buy,22
2014,12,18,SO,Sell,22
2015,1,30,SO,Buy,21
2015,7,7,SO,Sell,21
2015,7,23,SO,Buy,24
2015,7,30,SO,Sell,24
2015,8,24,SO,Buy,23
2015,9,25,SO,Sell,23
2015,10,28,SO,Buy,22
2015,12,16,SO,Sell,22
2013,4,1,TSO,Buy,18
2013,5,6,TSO,Sell,18
2013,6,4,TSO,Buy,18
2013,7,31,TSO,Sell,18
2013,8,7,TSO,Buy,20
2013,10,17,TSO,Sell,20
2013,12,11,TSO,Buy,18
2014,3,6,TSO,Sell,18
2014,3,19,TSO,Buy,20
2014,4,17,TSO,Sell,20
2014,5,9,TSO,Buy,19
2014,5,29,TSO,Sell,19
2014,6,30,TSO,Buy,18
2014,7,31,TSO,Sell,18
2014,9,10,TSO,Buy,16
2014,10,8,TSO,Sell,16
2014,10,13,TSO,Buy,17
2014,10,20,TSO,Sell,17
2014,12,8,TSO,Buy,14
2015,1,23,TSO,Sell,14
2015,3,6,TSO,Buy,12
2015,5,18,TSO,Sell,12
2015,5,26,TSO,Buy,11
2015,7,1,TSO,Sell,11
2015,7,30,TSO,Buy,10
2015,8,10,TSO,Sell,10
2015,8,21,TSO,Buy,11
2015,9,23,TSO,Sell,11
2015,10,14,TSO,Buy,10
2015,10,29,TSO,Sell,10
2015,12,2,TSO,Buy,9
2013,2,4,FOSL,Buy,10
2013,2,12,FOSL,Sell,10
2013,2,13,FOSL,Buy,10
2013,5,7,FOSL,Sell,10
2013,5,24,FOSL,Buy,10
2013,8,6,FOSL,Sell,10
2013,8,19,FOSL,Buy,9
2013,9,19,FOSL,Sell,9
2013,10,8,FOSL,Buy,9
2013,10,18,FOSL,Sell,9
2013,11,19,FOSL,Buy,8
2014,2,12,FOSL,Sell,8
2014,2,28,FOSL,Buy,9
2014,5,8,FOSL,Sell,9
2014,5,14,FOSL,Buy,10
2014,6,2,FOSL,Sell,10
2014,6,23,FOSL,Buy,10
2014,8,8,FOSL,Sell,10
2014,8,13,FOSL,Buy,10
2014,8,21,FOSL,Sell,10
2014,9,15,FOSL,Buy,10
2014,10,21,FOSL,Sell,10
2014,12,8,FOSL,Buy,9
2014,12,29,FOSL,Sell,9
2015,1,6,FOSL,Buy,9
2015,4,7,FOSL,Sell,9
2015,4,13,FOSL,Buy,12
2015,6,23,FOSL,Sell,12
2015,6,26,FOSL,Buy,14
2013,2,21,ARG,Buy,11
2013,2,27,ARG,Sell,11
2013,3,21,ARG,Buy,11
2013,5,15,ARG,Sell,11
2013,6,5,ARG,Buy,10
2013,7,9,ARG,Sell,10
2013,8,14,ARG,Buy,10
2013,9,18,ARG,Sell,10
2013,10,8,ARG,Buy,10
2014,6,5,ARG,Sell,10
2014,6,12,ARG,Buy,10
2014,7,16,ARG,Sell,10
2014,7,17,ARG,Buy,9
2014,9,17,ARG,Sell,9
2014,9,30,ARG,Buy,9
2015,2,5,ARG,Sell,9
2015,3,6,ARG,Buy,9
2015,6,11,ARG,Sell,9
2015,7,2,ARG,Buy,10
2015,10,29,ARG,Sell,10
2015,12,15,ARG,Buy,7
2013,2,19,ROST,Buy,34
2013,4,11,ROST,Sell,34
2013,5,16,ROST,Buy,32
2013,7,8,ROST,Sell,32
2013,8,7,ROST,Buy,31
2013,9,18,ROST,Sell,31
2013,10,8,ROST,Buy,29
2013,10,23,ROST,Sell,29
2013,11,22,ROST,Buy,27
2014,2,26,ROST,Sell,27
2014,3,25,ROST,Buy,28
2014,8,8,ROST,Sell,28
2014,9,22,ROST,Buy,27
2014,10,3,ROST,Sell,27
2014,10,7,ROST,Buy,27
2014,10,10,ROST,Sell,27
2015,1,14,ROST,Buy,22
2015,2,23,ROST,Sell,22
2015,3,25,ROST,Buy,19
2015,6,19,ROST,Sell,19
2015,6,29,ROST,Buy,21
2015,7,13,ROST,Sell,21
2015,8,21,ROST,Buy,20
2015,9,16,ROST,Sell,20
2015,9,22,ROST,Buy,20
2015,11,3,ROST,Sell,20
2015,11,9,ROST,Buy,20
2013,2,15,TJX,Buy,23
2013,3,22,TJX,Sell,23
2013,4,18,TJX,Buy,22
2013,5,3,TJX,Sell,22
2013,5,29,TJX,Buy,21
2013,7,11,TJX,Sell,21
2013,8,9,TJX,Buy,20
2013,9,17,TJX,Sell,20
2013,10,7,TJX,Buy,19
2013,10,16,TJX,Sell,19
2013,12,3,TJX,Buy,16
2014,8,8,TJX,Sell,16
2014,8,15,TJX,Buy,19
2014,8,19,TJX,Sell,19
2014,9,19,TJX,Buy,17
2014,10,3,TJX,Sell,17
2014,10,7,TJX,Buy,17
2014,10,10,TJX,Sell,17
2014,10,16,TJX,Buy,17
2014,10,21,TJX,Sell,17
2014,11,14,TJX,Buy,16
2014,11,28,TJX,Sell,16
2015,1,13,TJX,Buy,15
2015,3,24,TJX,Sell,15
2015,4,7,TJX,Buy,15
2015,5,19,TJX,Sell,15
2015,5,26,TJX,Buy,15
2015,6,23,TJX,Sell,15
2015,7,24,TJX,Buy,15
2015,8,17,TJX,Sell,15
2015,8,24,TJX,Buy,14
2015,10,12,TJX,Sell,14
2015,10,23,TJX,Buy,14
2015,11,3,TJX,Sell,14
2015,11,9,TJX,Buy,14
2013,5,9,BIIB,Buy,5
2013,5,14,BIIB,Sell,5
2013,6,4,BIIB,Buy,5
2013,9,3,BIIB,Sell,5
2013,10,3,BIIB,Buy,4
2013,11,22,BIIB,Sell,4
2013,12,13,BIIB,Buy,4
2014,1,8,BIIB,Sell,4
2014,2,5,BIIB,Buy,3
2014,2,13,BIIB,Sell,3
2014,3,7,BIIB,Buy,3
2014,5,27,BIIB,Sell,3
2014,6,16,BIIB,Buy,3
2014,7,1,BIIB,Sell,3
2014,7,15,BIIB,Buy,3
2014,12,3,BIIB,Sell,3
2014,12,30,BIIB,Buy,3
2015,1,20,BIIB,Sell,3
2015,3,12,BIIB,Buy,2
2015,3,17,BIIB,Sell,2
2015,3,31,BIIB,Buy,2
2015,6,19,BIIB,Sell,2
2015,6,29,BIIB,Buy,3
2015,11,2,BIIB,Sell,3
2015,11,13,BIIB,Buy,4
2015,12,16,BIIB,Sell,4
